Tipo de Monitoramento:;CETESB
Tipo de Rede:;Automática
Tipo de Dado:;Primários
Código da estação:;114
Nome da estação:;Presidente Prudente

Data;Hora;Média Horária
;;MP10(Partículas Inaláveis) - µg/m3
01/01/2024;01:00;
01/01/2024;02:00;
01/01/2024;03:00;
01/01/2024;04:00;
01/01/2024;05:00;
01/01/2024;06:00;
01/01/2024;07:00;
01/01/2024;08:00;
01/01/2024;09:00;
01/01/2024;10:00;
01/01/2024;11:00;
01/01/2024;12:00;
01/01/2024;13:00;
01/01/2024;14:00;
01/01/2024;15:00;
01/01/2024;16:00;
01/01/2024;17:00;
01/01/2024;18:00;
01/01/2024;19:00;
01/01/2024;20:00;
01/01/2024;21:00;
01/01/2024;22:00;
01/01/2024;23:00;
01/01/2024;24:00;
02/01/2024;01:00;
02/01/2024;02:00;
02/01/2024;03:00;
02/01/2024;04:00;
02/01/2024;05:00;
02/01/2024;06:00;
02/01/2024;07:00;
02/01/2024;08:00;
02/01/2024;09:00;
02/01/2024;10:00;
02/01/2024;11:00;
02/01/2024;12:00;
02/01/2024;13:00;
02/01/2024;14:00;
02/01/2024;15:00;
02/01/2024;16:00;
02/01/2024;17:00;
02/01/2024;18:00;
02/01/2024;19:00;
02/01/2024;20:00;
02/01/2024;21:00;
02/01/2024;22:00;
02/01/2024;23:00;
02/01/2024;24:00;
03/01/2024;01:00;
03/01/2024;02:00;
03/01/2024;03:00;
03/01/2024;04:00;
03/01/2024;05:00;
03/01/2024;06:00;
03/01/2024;07:00;
03/01/2024;08:00;
03/01/2024;09:00;
03/01/2024;10:00;
03/01/2024;11:00;
03/01/2024;12:00;
03/01/2024;13:00;
03/01/2024;14:00;
03/01/2024;15:00;
03/01/2024;16:00;
03/01/2024;17:00;
03/01/2024;18:00;
03/01/2024;19:00;
03/01/2024;20:00;
03/01/2024;21:00;
03/01/2024;22:00;
03/01/2024;23:00;
03/01/2024;24:00;
04/01/2024;01:00;
04/01/2024;02:00;
04/01/2024;03:00;
04/01/2024;04:00;
04/01/2024;05:00;
04/01/2024;06:00;
04/01/2024;07:00;
04/01/2024;08:00;
04/01/2024;09:00;
04/01/2024;10:00;
04/01/2024;11:00;
04/01/2024;12:00;
04/01/2024;13:00;
04/01/2024;14:00;
04/01/2024;15:00;
04/01/2024;16:00;
04/01/2024;17:00;
04/01/2024;18:00;
04/01/2024;19:00;
04/01/2024;20:00;
04/01/2024;21:00;
04/01/2024;22:00;
04/01/2024;23:00;
04/01/2024;24:00;
05/01/2024;01:00;
05/01/2024;02:00;
05/01/2024;03:00;
05/01/2024;04:00;
05/01/2024;05:00;
05/01/2024;06:00;
05/01/2024;07:00;
05/01/2024;08:00;
05/01/2024;09:00;
05/01/2024;10:00;
05/01/2024;11:00;
05/01/2024;12:00;
05/01/2024;13:00;
05/01/2024;14:00;
05/01/2024;15:00;
05/01/2024;16:00;
05/01/2024;17:00;
05/01/2024;18:00;
05/01/2024;19:00;
05/01/2024;20:00;
05/01/2024;21:00;
05/01/2024;22:00;
05/01/2024;23:00;
05/01/2024;24:00;
06/01/2024;01:00;
06/01/2024;02:00;
06/01/2024;03:00;
06/01/2024;04:00;
06/01/2024;05:00;
06/01/2024;06:00;
06/01/2024;07:00;
06/01/2024;08:00;
06/01/2024;09:00;
06/01/2024;10:00;
06/01/2024;11:00;
06/01/2024;12:00;
06/01/2024;13:00;
06/01/2024;14:00;
06/01/2024;15:00;
06/01/2024;16:00;
06/01/2024;17:00;
06/01/2024;18:00;
06/01/2024;19:00;
06/01/2024;20:00;
06/01/2024;21:00;
06/01/2024;22:00;
06/01/2024;23:00;
06/01/2024;24:00;
07/01/2024;01:00;
07/01/2024;02:00;
07/01/2024;03:00;
07/01/2024;04:00;
07/01/2024;05:00;
07/01/2024;06:00;
07/01/2024;07:00;
07/01/2024;08:00;
07/01/2024;09:00;
07/01/2024;10:00;
07/01/2024;11:00;
07/01/2024;12:00;
07/01/2024;13:00;
07/01/2024;14:00;
07/01/2024;15:00;
07/01/2024;16:00;
07/01/2024;17:00;
07/01/2024;18:00;
07/01/2024;19:00;
07/01/2024;20:00;
07/01/2024;21:00;
07/01/2024;22:00;
07/01/2024;23:00;
07/01/2024;24:00;
08/01/2024;01:00;
08/01/2024;02:00;
08/01/2024;03:00;
08/01/2024;04:00;
08/01/2024;05:00;
08/01/2024;06:00;
08/01/2024;07:00;
08/01/2024;08:00;
08/01/2024;09:00;
08/01/2024;10:00;
08/01/2024;11:00;
08/01/2024;12:00;
08/01/2024;13:00;
08/01/2024;14:00;
08/01/2024;15:00;
08/01/2024;16:00;
08/01/2024;17:00;
08/01/2024;18:00;
08/01/2024;19:00;
08/01/2024;20:00;
08/01/2024;21:00;
08/01/2024;22:00;
08/01/2024;23:00;
08/01/2024;24:00;
09/01/2024;01:00;
09/01/2024;02:00;
09/01/2024;03:00;
09/01/2024;04:00;
09/01/2024;05:00;
09/01/2024;06:00;
09/01/2024;07:00;
09/01/2024;08:00;
09/01/2024;09:00;
09/01/2024;10:00;
09/01/2024;11:00;
09/01/2024;12:00;
09/01/2024;13:00;
09/01/2024;14:00;
09/01/2024;15:00;
09/01/2024;16:00;
09/01/2024;17:00;
09/01/2024;18:00;
09/01/2024;19:00;
09/01/2024;20:00;
09/01/2024;21:00;
09/01/2024;22:00;
09/01/2024;23:00;
09/01/2024;24:00;
10/01/2024;01:00;
10/01/2024;02:00;
10/01/2024;03:00;
10/01/2024;04:00;
10/01/2024;05:00;
10/01/2024;06:00;
10/01/2024;07:00;
10/01/2024;08:00;
10/01/2024;09:00;
10/01/2024;10:00;
10/01/2024;11:00;
10/01/2024;12:00;
10/01/2024;13:00;
10/01/2024;14:00;
10/01/2024;15:00;
10/01/2024;16:00;
10/01/2024;17:00;
10/01/2024;18:00;
10/01/2024;19:00;
10/01/2024;20:00;
10/01/2024;21:00;
10/01/2024;22:00;
10/01/2024;23:00;
10/01/2024;24:00;
11/01/2024;01:00;
11/01/2024;02:00;
11/01/2024;03:00;
11/01/2024;04:00;
11/01/2024;05:00;
11/01/2024;06:00;
11/01/2024;07:00;
11/01/2024;08:00;
11/01/2024;09:00;
11/01/2024;10:00;
11/01/2024;11:00;
11/01/2024;12:00;
11/01/2024;13:00;
11/01/2024;14:00;
11/01/2024;15:00;
11/01/2024;16:00;
11/01/2024;17:00;
11/01/2024;18:00;
11/01/2024;19:00;
11/01/2024;20:00;
11/01/2024;21:00;
11/01/2024;22:00;
11/01/2024;23:00;
11/01/2024;24:00;
12/01/2024;01:00;
12/01/2024;02:00;
12/01/2024;03:00;
12/01/2024;04:00;
12/01/2024;05:00;
12/01/2024;06:00;
12/01/2024;07:00;
12/01/2024;08:00;
12/01/2024;09:00;
12/01/2024;10:00;
12/01/2024;11:00;
12/01/2024;12:00;
12/01/2024;13:00;
12/01/2024;14:00;
12/01/2024;15:00;
12/01/2024;16:00;
12/01/2024;17:00;
12/01/2024;18:00;
12/01/2024;19:00;
12/01/2024;20:00;
12/01/2024;21:00;
12/01/2024;22:00;
12/01/2024;23:00;
12/01/2024;24:00;
13/01/2024;01:00;
13/01/2024;02:00;
13/01/2024;03:00;
13/01/2024;04:00;
13/01/2024;05:00;
13/01/2024;06:00;
13/01/2024;07:00;
13/01/2024;08:00;
13/01/2024;09:00;
13/01/2024;10:00;
13/01/2024;11:00;
13/01/2024;12:00;
13/01/2024;13:00;
13/01/2024;14:00;
13/01/2024;15:00;
13/01/2024;16:00;
13/01/2024;17:00;
13/01/2024;18:00;
13/01/2024;19:00;
13/01/2024;20:00;
13/01/2024;21:00;
13/01/2024;22:00;
13/01/2024;23:00;
13/01/2024;24:00;
14/01/2024;01:00;
14/01/2024;02:00;
14/01/2024;03:00;
14/01/2024;04:00;
14/01/2024;05:00;
14/01/2024;06:00;
14/01/2024;07:00;
14/01/2024;08:00;
14/01/2024;09:00;
14/01/2024;10:00;
14/01/2024;11:00;
14/01/2024;12:00;
14/01/2024;13:00;
14/01/2024;14:00;
14/01/2024;15:00;
14/01/2024;16:00;
14/01/2024;17:00;
14/01/2024;18:00;
14/01/2024;19:00;
14/01/2024;20:00;
14/01/2024;21:00;
14/01/2024;22:00;
14/01/2024;23:00;
14/01/2024;24:00;
15/01/2024;01:00;
15/01/2024;02:00;
15/01/2024;03:00;
15/01/2024;04:00;
15/01/2024;05:00;
15/01/2024;06:00;
15/01/2024;07:00;
15/01/2024;08:00;
15/01/2024;09:00;
15/01/2024;10:00;
15/01/2024;11:00;
15/01/2024;12:00;
15/01/2024;13:00;
15/01/2024;14:00;
15/01/2024;15:00;
15/01/2024;16:00;
15/01/2024;17:00;
15/01/2024;18:00;
15/01/2024;19:00;
15/01/2024;20:00;
15/01/2024;21:00;
15/01/2024;22:00;
15/01/2024;23:00;
15/01/2024;24:00;
16/01/2024;01:00;
16/01/2024;02:00;
16/01/2024;03:00;
16/01/2024;04:00;
16/01/2024;05:00;
16/01/2024;06:00;
16/01/2024;07:00;
16/01/2024;08:00;
16/01/2024;09:00;
16/01/2024;10:00;
16/01/2024;11:00;
16/01/2024;12:00;
16/01/2024;13:00;
16/01/2024;14:00;
16/01/2024;15:00;
16/01/2024;16:00;
16/01/2024;17:00;
16/01/2024;18:00;
16/01/2024;19:00;
16/01/2024;20:00;
16/01/2024;21:00;
16/01/2024;22:00;
16/01/2024;23:00;
16/01/2024;24:00;
17/01/2024;01:00;
17/01/2024;02:00;
17/01/2024;03:00;
17/01/2024;04:00;
17/01/2024;05:00;
17/01/2024;06:00;
17/01/2024;07:00;
17/01/2024;08:00;
17/01/2024;09:00;
17/01/2024;10:00;
17/01/2024;11:00;
17/01/2024;12:00;
17/01/2024;13:00;
17/01/2024;14:00;
17/01/2024;15:00;
17/01/2024;16:00;
17/01/2024;17:00;
17/01/2024;18:00;
17/01/2024;19:00;
17/01/2024;20:00;
17/01/2024;21:00;
17/01/2024;22:00;
17/01/2024;23:00;
17/01/2024;24:00;
18/01/2024;01:00;11
18/01/2024;02:00;13
18/01/2024;03:00;9
18/01/2024;04:00;9
18/01/2024;05:00;11
18/01/2024;06:00;14
18/01/2024;07:00;14
18/01/2024;08:00;3
18/01/2024;09:00;12
18/01/2024;10:00;16
18/01/2024;11:00;7
18/01/2024;12:00;23
18/01/2024;13:00;23
18/01/2024;14:00;12
18/01/2024;15:00;9
18/01/2024;16:00;9
18/01/2024;17:00;28
18/01/2024;18:00;13
18/01/2024;19:00;32
18/01/2024;20:00;9
18/01/2024;21:00;8
18/01/2024;22:00;20
18/01/2024;23:00;37
18/01/2024;24:00;22
19/01/2024;01:00;12
19/01/2024;02:00;10
19/01/2024;03:00;16
19/01/2024;04:00;10
19/01/2024;05:00;13
19/01/2024;06:00;16
19/01/2024;07:00;12
19/01/2024;08:00;11
19/01/2024;09:00;18
19/01/2024;10:00;21
19/01/2024;11:00;13
19/01/2024;12:00;15
19/01/2024;13:00;25
19/01/2024;14:00;16
19/01/2024;15:00;11
19/01/2024;16:00;15
19/01/2024;17:00;27
19/01/2024;18:00;39
19/01/2024;19:00;9
19/01/2024;20:00;3
19/01/2024;21:00;7
19/01/2024;22:00;7
19/01/2024;23:00;9
19/01/2024;24:00;15
20/01/2024;01:00;9
20/01/2024;02:00;9
20/01/2024;03:00;9
20/01/2024;04:00;7
20/01/2024;05:00;5
20/01/2024;06:00;11
20/01/2024;07:00;8
20/01/2024;08:00;12
20/01/2024;09:00;9
20/01/2024;10:00;8
20/01/2024;11:00;10
20/01/2024;12:00;6
20/01/2024;13:00;13
20/01/2024;14:00;11
20/01/2024;15:00;18
20/01/2024;16:00;4
20/01/2024;17:00;10
20/01/2024;18:00;4
20/01/2024;19:00;8
20/01/2024;20:00;7
20/01/2024;21:00;3
20/01/2024;22:00;7
20/01/2024;23:00;10
20/01/2024;24:00;19
21/01/2024;01:00;9
21/01/2024;02:00;10
21/01/2024;03:00;11
21/01/2024;04:00;13
21/01/2024;05:00;15
21/01/2024;06:00;12
21/01/2024;07:00;10
21/01/2024;08:00;7
21/01/2024;09:00;3
21/01/2024;10:00;9
21/01/2024;11:00;11
21/01/2024;12:00;5
21/01/2024;13:00;2
21/01/2024;14:00;8
21/01/2024;15:00;6
21/01/2024;16:00;6
21/01/2024;17:00;8
21/01/2024;18:00;6
21/01/2024;19:00;15
21/01/2024;20:00;12
21/01/2024;21:00;5
21/01/2024;22:00;10
21/01/2024;23:00;15
21/01/2024;24:00;24
22/01/2024;01:00;13
22/01/2024;02:00;14
22/01/2024;03:00;9
22/01/2024;04:00;10
22/01/2024;05:00;10
22/01/2024;06:00;3
22/01/2024;07:00;2
22/01/2024;08:00;8
22/01/2024;09:00;11
22/01/2024;10:00;35
22/01/2024;11:00;3
22/01/2024;12:00;11
22/01/2024;13:00;7
22/01/2024;14:00;8
22/01/2024;15:00;10
22/01/2024;16:00;9
22/01/2024;17:00;10
22/01/2024;18:00;14
22/01/2024;19:00;16
22/01/2024;20:00;10
22/01/2024;21:00;10
22/01/2024;22:00;11
22/01/2024;23:00;11
22/01/2024;24:00;15
23/01/2024;01:00;11
23/01/2024;02:00;8
23/01/2024;03:00;8
23/01/2024;04:00;10
23/01/2024;05:00;7
23/01/2024;06:00;8
23/01/2024;07:00;5
23/01/2024;08:00;9
23/01/2024;09:00;8
23/01/2024;10:00;8
23/01/2024;11:00;8
23/01/2024;12:00;8
23/01/2024;13:00;9
23/01/2024;14:00;14
23/01/2024;15:00;8
23/01/2024;16:00;14
23/01/2024;17:00;7
23/01/2024;18:00;9
23/01/2024;19:00;14
23/01/2024;20:00;16
23/01/2024;21:00;2
23/01/2024;22:00;2
23/01/2024;23:00;2
23/01/2024;24:00;6
24/01/2024;01:00;4
24/01/2024;02:00;6
24/01/2024;03:00;4
24/01/2024;04:00;8
24/01/2024;05:00;7
24/01/2024;06:00;8
24/01/2024;07:00;12
24/01/2024;08:00;5
24/01/2024;09:00;11
24/01/2024;10:00;7
24/01/2024;11:00;12
24/01/2024;12:00;8
24/01/2024;13:00;11
24/01/2024;14:00;7
24/01/2024;15:00;7
24/01/2024;16:00;11
24/01/2024;17:00;13
24/01/2024;18:00;8
24/01/2024;19:00;12
24/01/2024;20:00;13
24/01/2024;21:00;5
24/01/2024;22:00;6
24/01/2024;23:00;14
24/01/2024;24:00;39
25/01/2024;01:00;8
25/01/2024;02:00;4
25/01/2024;03:00;6
25/01/2024;04:00;4
25/01/2024;05:00;5
25/01/2024;06:00;6
25/01/2024;07:00;5
25/01/2024;08:00;3
25/01/2024;09:00;9
25/01/2024;10:00;9
25/01/2024;11:00;9
25/01/2024;12:00;15
25/01/2024;13:00;11
25/01/2024;14:00;9
25/01/2024;15:00;14
25/01/2024;16:00;5
25/01/2024;17:00;8
25/01/2024;18:00;8
25/01/2024;19:00;15
25/01/2024;20:00;21
25/01/2024;21:00;9
25/01/2024;22:00;10
25/01/2024;23:00;5
25/01/2024;24:00;6
26/01/2024;01:00;10
26/01/2024;02:00;5
26/01/2024;03:00;11
26/01/2024;04:00;6
26/01/2024;05:00;4
26/01/2024;06:00;9
26/01/2024;07:00;9
26/01/2024;08:00;6
26/01/2024;09:00;12
26/01/2024;10:00;17
26/01/2024;11:00;18
26/01/2024;12:00;23
26/01/2024;13:00;15
26/01/2024;14:00;35
26/01/2024;15:00;23
26/01/2024;16:00;10
26/01/2024;17:00;7
26/01/2024;18:00;8
26/01/2024;19:00;13
26/01/2024;20:00;32
26/01/2024;21:00;19
26/01/2024;22:00;7
26/01/2024;23:00;18
26/01/2024;24:00;11
27/01/2024;01:00;7
27/01/2024;02:00;8
27/01/2024;03:00;11
27/01/2024;04:00;5
27/01/2024;05:00;8
27/01/2024;06:00;8
27/01/2024;07:00;3
27/01/2024;08:00;2
27/01/2024;09:00;11
27/01/2024;10:00;10
27/01/2024;11:00;10
27/01/2024;12:00;10
27/01/2024;13:00;9
27/01/2024;14:00;13
27/01/2024;15:00;7
27/01/2024;16:00;10
27/01/2024;17:00;12
27/01/2024;18:00;19
27/01/2024;19:00;16
27/01/2024;20:00;16
27/01/2024;21:00;11
27/01/2024;22:00;12
27/01/2024;23:00;12
27/01/2024;24:00;13
28/01/2024;01:00;13
28/01/2024;02:00;11
28/01/2024;03:00;8
28/01/2024;04:00;10
28/01/2024;05:00;11
28/01/2024;06:00;7
28/01/2024;07:00;11
28/01/2024;08:00;5
28/01/2024;09:00;12
28/01/2024;10:00;8
28/01/2024;11:00;14
28/01/2024;12:00;12
28/01/2024;13:00;17
28/01/2024;14:00;16
28/01/2024;15:00;10
28/01/2024;16:00;6
28/01/2024;17:00;11
28/01/2024;18:00;16
28/01/2024;19:00;17
28/01/2024;20:00;12
28/01/2024;21:00;13
28/01/2024;22:00;10
28/01/2024;23:00;4
28/01/2024;24:00;7
29/01/2024;01:00;11
29/01/2024;02:00;15
29/01/2024;03:00;12
29/01/2024;04:00;8
29/01/2024;05:00;10
29/01/2024;06:00;10
29/01/2024;07:00;9
29/01/2024;08:00;4
29/01/2024;09:00;12
29/01/2024;10:00;14
29/01/2024;11:00;16
29/01/2024;12:00;21
29/01/2024;13:00;27
29/01/2024;14:00;36
29/01/2024;15:00;13
29/01/2024;16:00;12
29/01/2024;17:00;15
29/01/2024;18:00;17
29/01/2024;19:00;29
29/01/2024;20:00;22
29/01/2024;21:00;16
29/01/2024;22:00;22
29/01/2024;23:00;25
29/01/2024;24:00;35
30/01/2024;01:00;26
30/01/2024;02:00;24
30/01/2024;03:00;29
30/01/2024;04:00;26
30/01/2024;05:00;21
30/01/2024;06:00;15
30/01/2024;07:00;16
30/01/2024;08:00;8
30/01/2024;09:00;24
30/01/2024;10:00;22
30/01/2024;11:00;20
30/01/2024;12:00;19
30/01/2024;13:00;21
30/01/2024;14:00;20
30/01/2024;15:00;30
30/01/2024;16:00;34
30/01/2024;17:00;25
30/01/2024;18:00;24
30/01/2024;19:00;27
30/01/2024;20:00;30
30/01/2024;21:00;29
30/01/2024;22:00;36
30/01/2024;23:00;25
30/01/2024;24:00;19
31/01/2024;01:00;26
31/01/2024;02:00;22
31/01/2024;03:00;24
31/01/2024;04:00;20
31/01/2024;05:00;18
31/01/2024;06:00;14
31/01/2024;07:00;19
31/01/2024;08:00;10
31/01/2024;09:00;20
31/01/2024;10:00;18
31/01/2024;11:00;22
31/01/2024;12:00;20
31/01/2024;13:00;20
31/01/2024;14:00;24
31/01/2024;15:00;21
31/01/2024;16:00;23
31/01/2024;17:00;35
31/01/2024;18:00;14
31/01/2024;19:00;32
31/01/2024;20:00;28
31/01/2024;21:00;38
31/01/2024;22:00;31
31/01/2024;23:00;16
31/01/2024;24:00;21
01/02/2024;01:00;7
01/02/2024;02:00;10
01/02/2024;03:00;11
01/02/2024;04:00;12
01/02/2024;05:00;9
01/02/2024;06:00;11
01/02/2024;07:00;13
01/02/2024;08:00;5
01/02/2024;09:00;11
01/02/2024;10:00;7
01/02/2024;11:00;11
01/02/2024;12:00;10
01/02/2024;13:00;13
01/02/2024;14:00;10
01/02/2024;15:00;14
01/02/2024;16:00;13
01/02/2024;17:00;15
01/02/2024;18:00;21
01/02/2024;19:00;20
01/02/2024;20:00;14
01/02/2024;21:00;14
01/02/2024;22:00;14
01/02/2024;23:00;15
01/02/2024;24:00;10
02/02/2024;01:00;10
02/02/2024;02:00;14
02/02/2024;03:00;10
02/02/2024;04:00;15
02/02/2024;05:00;10
02/02/2024;06:00;10
02/02/2024;07:00;10
02/02/2024;08:00;3
02/02/2024;09:00;9
02/02/2024;10:00;11
02/02/2024;11:00;18
02/02/2024;12:00;16
02/02/2024;13:00;23
02/02/2024;14:00;15
02/02/2024;15:00;13
02/02/2024;16:00;12
02/02/2024;17:00;14
02/02/2024;18:00;6
02/02/2024;19:00;19
02/02/2024;20:00;17
02/02/2024;21:00;24
02/02/2024;22:00;51
02/02/2024;23:00;11
02/02/2024;24:00;18
03/02/2024;01:00;12
03/02/2024;02:00;17
03/02/2024;03:00;8
03/02/2024;04:00;11
03/02/2024;05:00;8
03/02/2024;06:00;12
03/02/2024;07:00;7
03/02/2024;08:00;6
03/02/2024;09:00;9
03/02/2024;10:00;19
03/02/2024;11:00;12
03/02/2024;12:00;12
03/02/2024;13:00;24
03/02/2024;14:00;16
03/02/2024;15:00;8
03/02/2024;16:00;13
03/02/2024;17:00;8
03/02/2024;18:00;11
03/02/2024;19:00;19
03/02/2024;20:00;10
03/02/2024;21:00;22
03/02/2024;22:00;22
03/02/2024;23:00;24
03/02/2024;24:00;17
04/02/2024;01:00;6
04/02/2024;02:00;10
04/02/2024;03:00;6
04/02/2024;04:00;6
04/02/2024;05:00;6
04/02/2024;06:00;10
04/02/2024;07:00;11
04/02/2024;08:00;7
04/02/2024;09:00;8
04/02/2024;10:00;6
04/02/2024;11:00;8
04/02/2024;12:00;5
04/02/2024;13:00;13
04/02/2024;14:00;7
04/02/2024;15:00;4
04/02/2024;16:00;6
04/02/2024;17:00;10
04/02/2024;18:00;1
04/02/2024;19:00;22
04/02/2024;20:00;14
04/02/2024;21:00;5
04/02/2024;22:00;12
04/02/2024;23:00;8
04/02/2024;24:00;11
05/02/2024;01:00;9
05/02/2024;02:00;12
05/02/2024;03:00;9
05/02/2024;04:00;14
05/02/2024;05:00;4
05/02/2024;06:00;10
05/02/2024;07:00;9
05/02/2024;08:00;6
05/02/2024;09:00;10
05/02/2024;10:00;16
05/02/2024;11:00;9
05/02/2024;12:00;5
05/02/2024;13:00;13
05/02/2024;14:00;5
05/02/2024;15:00;9
05/02/2024;16:00;3
05/02/2024;17:00;11
05/02/2024;18:00;9
05/02/2024;19:00;17
05/02/2024;20:00;8
05/02/2024;21:00;20
05/02/2024;22:00;14
05/02/2024;23:00;13
05/02/2024;24:00;4
06/02/2024;01:00;9
06/02/2024;02:00;8
06/02/2024;03:00;12
06/02/2024;04:00;11
06/02/2024;05:00;12
06/02/2024;06:00;6
06/02/2024;07:00;12
06/02/2024;08:00;11
06/02/2024;09:00;7
06/02/2024;10:00;17
06/02/2024;11:00;19
06/02/2024;12:00;15
06/02/2024;13:00;9
06/02/2024;14:00;11
06/02/2024;15:00;14
06/02/2024;16:00;23
06/02/2024;17:00;32
06/02/2024;18:00;6
06/02/2024;19:00;12
06/02/2024;20:00;15
06/02/2024;21:00;25
06/02/2024;22:00;17
06/02/2024;23:00;18
06/02/2024;24:00;12
07/02/2024;01:00;23
07/02/2024;02:00;15
07/02/2024;03:00;38
07/02/2024;04:00;32
07/02/2024;05:00;12
07/02/2024;06:00;11
07/02/2024;07:00;10
07/02/2024;08:00;7
07/02/2024;09:00;22
07/02/2024;10:00;9
07/02/2024;11:00;10
07/02/2024;12:00;7
07/02/2024;13:00;18
07/02/2024;14:00;10
07/02/2024;15:00;5
07/02/2024;16:00;10
07/02/2024;17:00;27
07/02/2024;18:00;15
07/02/2024;19:00;15
07/02/2024;20:00;16
07/02/2024;21:00;5
07/02/2024;22:00;8
07/02/2024;23:00;9
07/02/2024;24:00;16
08/02/2024;01:00;9
08/02/2024;02:00;8
08/02/2024;03:00;8
08/02/2024;04:00;6
08/02/2024;05:00;8
08/02/2024;06:00;0
08/02/2024;07:00;7
08/02/2024;08:00;9
08/02/2024;09:00;12
08/02/2024;10:00;16
08/02/2024;11:00;10
08/02/2024;12:00;14
08/02/2024;13:00;9
08/02/2024;14:00;9
08/02/2024;15:00;8
08/02/2024;16:00;19
08/02/2024;17:00;8
08/02/2024;18:00;14
08/02/2024;19:00;12
08/02/2024;20:00;19
08/02/2024;21:00;18
08/02/2024;22:00;16
08/02/2024;23:00;8
08/02/2024;24:00;18
09/02/2024;01:00;12
09/02/2024;02:00;7
09/02/2024;03:00;10
09/02/2024;04:00;7
09/02/2024;05:00;10
09/02/2024;06:00;9
09/02/2024;07:00;11
09/02/2024;08:00;10
09/02/2024;09:00;19
09/02/2024;10:00;24
09/02/2024;11:00;18
09/02/2024;12:00;12
09/02/2024;13:00;11
09/02/2024;14:00;11
09/02/2024;15:00;8
09/02/2024;16:00;12
09/02/2024;17:00;27
09/02/2024;18:00;28
09/02/2024;19:00;11
09/02/2024;20:00;15
09/02/2024;21:00;17
09/02/2024;22:00;12
09/02/2024;23:00;23
09/02/2024;24:00;21
10/02/2024;01:00;10
10/02/2024;02:00;6
10/02/2024;03:00;6
10/02/2024;04:00;11
10/02/2024;05:00;16
10/02/2024;06:00;12
10/02/2024;07:00;16
10/02/2024;08:00;9
10/02/2024;09:00;20
10/02/2024;10:00;19
10/02/2024;11:00;17
10/02/2024;12:00;16
10/02/2024;13:00;17
10/02/2024;14:00;9
10/02/2024;15:00;10
10/02/2024;16:00;12
10/02/2024;17:00;9
10/02/2024;18:00;9
10/02/2024;19:00;13
10/02/2024;20:00;18
10/02/2024;21:00;10
10/02/2024;22:00;19
10/02/2024;23:00;19
10/02/2024;24:00;20
11/02/2024;01:00;15
11/02/2024;02:00;13
11/02/2024;03:00;15
11/02/2024;04:00;16
11/02/2024;05:00;20
11/02/2024;06:00;19
11/02/2024;07:00;19
11/02/2024;08:00;13
11/02/2024;09:00;18
11/02/2024;10:00;16
11/02/2024;11:00;17
11/02/2024;12:00;7
11/02/2024;13:00;12
11/02/2024;14:00;5
11/02/2024;15:00;10
11/02/2024;16:00;9
11/02/2024;17:00;4
11/02/2024;18:00;6
11/02/2024;19:00;11
11/02/2024;20:00;14
11/02/2024;21:00;10
11/02/2024;22:00;8
11/02/2024;23:00;14
11/02/2024;24:00;19
12/02/2024;01:00;21
12/02/2024;02:00;21
12/02/2024;03:00;16
12/02/2024;04:00;12
12/02/2024;05:00;9
12/02/2024;06:00;12
12/02/2024;07:00;3
12/02/2024;08:00;5
12/02/2024;09:00;8
12/02/2024;10:00;11
12/02/2024;11:00;13
12/02/2024;12:00;4
12/02/2024;13:00;15
12/02/2024;14:00;6
12/02/2024;15:00;7
12/02/2024;16:00;11
12/02/2024;17:00;8
12/02/2024;18:00;1
12/02/2024;19:00;14
12/02/2024;20:00;16
12/02/2024;21:00;11
12/02/2024;22:00;11
12/02/2024;23:00;14
12/02/2024;24:00;13
13/02/2024;01:00;22
13/02/2024;02:00;10
13/02/2024;03:00;8
13/02/2024;04:00;9
13/02/2024;05:00;8
13/02/2024;06:00;11
13/02/2024;07:00;9
13/02/2024;08:00;5
13/02/2024;09:00;10
13/02/2024;10:00;14
13/02/2024;11:00;15
13/02/2024;12:00;16
13/02/2024;13:00;19
13/02/2024;14:00;17
13/02/2024;15:00;19
13/02/2024;16:00;11
13/02/2024;17:00;14
13/02/2024;18:00;22
13/02/2024;19:00;25
13/02/2024;20:00;15
13/02/2024;21:00;20
13/02/2024;22:00;14
13/02/2024;23:00;14
13/02/2024;24:00;27
14/02/2024;01:00;11
14/02/2024;02:00;14
14/02/2024;03:00;14
14/02/2024;04:00;12
14/02/2024;05:00;20
14/02/2024;06:00;17
14/02/2024;07:00;15
14/02/2024;08:00;15
14/02/2024;09:00;21
14/02/2024;10:00;12
14/02/2024;11:00;19
14/02/2024;12:00;16
14/02/2024;13:00;25
14/02/2024;14:00;14
14/02/2024;15:00;4
14/02/2024;16:00;12
14/02/2024;17:00;12
14/02/2024;18:00;9
14/02/2024;19:00;14
14/02/2024;20:00;19
14/02/2024;21:00;12
14/02/2024;22:00;15
14/02/2024;23:00;9
14/02/2024;24:00;3
15/02/2024;01:00;6
15/02/2024;02:00;7
15/02/2024;03:00;2
15/02/2024;04:00;3
15/02/2024;05:00;4
15/02/2024;06:00;4
15/02/2024;07:00;6
15/02/2024;08:00;4
15/02/2024;09:00;2
15/02/2024;10:00;2
15/02/2024;11:00;8
15/02/2024;12:00;2
15/02/2024;13:00;11
15/02/2024;14:00;5
15/02/2024;15:00;5
15/02/2024;16:00;7
15/02/2024;17:00;10
15/02/2024;18:00;9
15/02/2024;19:00;17
15/02/2024;20:00;9
15/02/2024;21:00;6
15/02/2024;22:00;6
15/02/2024;23:00;9
15/02/2024;24:00;7
16/02/2024;01:00;6
16/02/2024;02:00;5
16/02/2024;03:00;2
16/02/2024;04:00;3
16/02/2024;05:00;1
16/02/2024;06:00;6
16/02/2024;07:00;3
16/02/2024;08:00;7
16/02/2024;09:00;9
16/02/2024;10:00;14
16/02/2024;11:00;10
16/02/2024;12:00;9
16/02/2024;13:00;13
16/02/2024;14:00;10
16/02/2024;15:00;18
16/02/2024;16:00;10
16/02/2024;17:00;13
16/02/2024;18:00;1
16/02/2024;19:00;13
16/02/2024;20:00;11
16/02/2024;21:00;7
16/02/2024;22:00;4
16/02/2024;23:00;10
16/02/2024;24:00;8
17/02/2024;01:00;8
17/02/2024;02:00;13
17/02/2024;03:00;10
17/02/2024;04:00;15
17/02/2024;05:00;14
17/02/2024;06:00;8
17/02/2024;07:00;12
17/02/2024;08:00;2
17/02/2024;09:00;20
17/02/2024;10:00;51
17/02/2024;11:00;4
17/02/2024;12:00;14
17/02/2024;13:00;10
17/02/2024;14:00;11
17/02/2024;15:00;12
17/02/2024;16:00;4
17/02/2024;17:00;13
17/02/2024;18:00;10
17/02/2024;19:00;16
17/02/2024;20:00;11
17/02/2024;21:00;12
17/02/2024;22:00;15
17/02/2024;23:00;14
17/02/2024;24:00;17
18/02/2024;01:00;17
18/02/2024;02:00;15
18/02/2024;03:00;9
18/02/2024;04:00;14
18/02/2024;05:00;10
18/02/2024;06:00;14
18/02/2024;07:00;13
18/02/2024;08:00;8
18/02/2024;09:00;9
18/02/2024;10:00;7
18/02/2024;11:00;9
18/02/2024;12:00;10
18/02/2024;13:00;68
18/02/2024;14:00;34
18/02/2024;15:00;11
18/02/2024;16:00;14
18/02/2024;17:00;12
18/02/2024;18:00;3
18/02/2024;19:00;6
18/02/2024;20:00;7
18/02/2024;21:00;3
18/02/2024;22:00;6
18/02/2024;23:00;7
18/02/2024;24:00;11
19/02/2024;01:00;11
19/02/2024;02:00;8
19/02/2024;03:00;9
19/02/2024;04:00;7
19/02/2024;05:00;13
19/02/2024;06:00;8
19/02/2024;07:00;10
19/02/2024;08:00;9
19/02/2024;09:00;12
19/02/2024;10:00;18
19/02/2024;11:00;24
19/02/2024;12:00;6
19/02/2024;13:00;13
19/02/2024;14:00;9
19/02/2024;15:00;1
19/02/2024;16:00;20
19/02/2024;17:00;11
19/02/2024;18:00;20
19/02/2024;19:00;17
19/02/2024;20:00;21
19/02/2024;21:00;5
19/02/2024;22:00;9
19/02/2024;23:00;10
19/02/2024;24:00;10
20/02/2024;01:00;11
20/02/2024;02:00;11
20/02/2024;03:00;9
20/02/2024;04:00;2
20/02/2024;05:00;6
20/02/2024;06:00;7
20/02/2024;07:00;7
20/02/2024;08:00;12
20/02/2024;09:00;9
20/02/2024;10:00;15
20/02/2024;11:00;9
20/02/2024;12:00;9
20/02/2024;13:00;8
20/02/2024;14:00;15
20/02/2024;15:00;10
20/02/2024;16:00;19
20/02/2024;17:00;25
20/02/2024;18:00;9
20/02/2024;19:00;9
20/02/2024;20:00;19
20/02/2024;21:00;19
20/02/2024;22:00;26
20/02/2024;23:00;12
20/02/2024;24:00;27
21/02/2024;01:00;14
21/02/2024;02:00;8
21/02/2024;03:00;7
21/02/2024;04:00;9
21/02/2024;05:00;10
21/02/2024;06:00;9
21/02/2024;07:00;12
21/02/2024;08:00;10
21/02/2024;09:00;15
21/02/2024;10:00;8
21/02/2024;11:00;8
21/02/2024;12:00;18
21/02/2024;13:00;16
21/02/2024;14:00;18
21/02/2024;15:00;13
21/02/2024;16:00;13
21/02/2024;17:00;21
21/02/2024;18:00;5
21/02/2024;19:00;27
21/02/2024;20:00;13
21/02/2024;21:00;5
21/02/2024;22:00;6
21/02/2024;23:00;12
21/02/2024;24:00;15
22/02/2024;01:00;9
22/02/2024;02:00;8
22/02/2024;03:00;12
22/02/2024;04:00;9
22/02/2024;05:00;15
22/02/2024;06:00;11
22/02/2024;07:00;12
22/02/2024;08:00;16
22/02/2024;09:00;10
22/02/2024;10:00;10
22/02/2024;11:00;12
22/02/2024;12:00;15
22/02/2024;13:00;16
22/02/2024;14:00;10
22/02/2024;15:00;16
22/02/2024;16:00;9
22/02/2024;17:00;11
22/02/2024;18:00;23
22/02/2024;19:00;21
22/02/2024;20:00;12
22/02/2024;21:00;19
22/02/2024;22:00;16
22/02/2024;23:00;20
22/02/2024;24:00;21
23/02/2024;01:00;18
23/02/2024;02:00;14
23/02/2024;03:00;11
23/02/2024;04:00;12
23/02/2024;05:00;14
23/02/2024;06:00;10
23/02/2024;07:00;13
23/02/2024;08:00;10
23/02/2024;09:00;11
23/02/2024;10:00;27
23/02/2024;11:00;11
23/02/2024;12:00;22
23/02/2024;13:00;7
23/02/2024;14:00;13
23/02/2024;15:00;25
23/02/2024;16:00;1
23/02/2024;17:00;11
23/02/2024;18:00;18
23/02/2024;19:00;10
23/02/2024;20:00;9
23/02/2024;21:00;14
23/02/2024;22:00;7
23/02/2024;23:00;15
23/02/2024;24:00;18
24/02/2024;01:00;12
24/02/2024;02:00;16
24/02/2024;03:00;21
24/02/2024;04:00;13
24/02/2024;05:00;19
24/02/2024;06:00;17
24/02/2024;07:00;14
24/02/2024;08:00;12
24/02/2024;09:00;17
24/02/2024;10:00;6
24/02/2024;11:00;9
24/02/2024;12:00;11
24/02/2024;13:00;10
24/02/2024;14:00;6
24/02/2024;15:00;5
24/02/2024;16:00;6
24/02/2024;17:00;5
24/02/2024;18:00;6
24/02/2024;19:00;13
24/02/2024;20:00;14
24/02/2024;21:00;10
24/02/2024;22:00;11
24/02/2024;23:00;15
24/02/2024;24:00;21
25/02/2024;01:00;12
25/02/2024;02:00;23
25/02/2024;03:00;18
25/02/2024;04:00;13
25/02/2024;05:00;10
25/02/2024;06:00;13
25/02/2024;07:00;9
25/02/2024;08:00;7
25/02/2024;09:00;9
25/02/2024;10:00;5
25/02/2024;11:00;14
25/02/2024;12:00;12
25/02/2024;13:00;10
25/02/2024;14:00;15
25/02/2024;15:00;8
25/02/2024;16:00;7
25/02/2024;17:00;7
25/02/2024;18:00;3
25/02/2024;19:00;15
25/02/2024;20:00;11
25/02/2024;21:00;12
25/02/2024;22:00;14
25/02/2024;23:00;16
25/02/2024;24:00;30
26/02/2024;01:00;16
26/02/2024;02:00;14
26/02/2024;03:00;8
26/02/2024;04:00;9
26/02/2024;05:00;7
26/02/2024;06:00;9
26/02/2024;07:00;10
26/02/2024;08:00;6
26/02/2024;09:00;10
26/02/2024;10:00;13
26/02/2024;11:00;28
26/02/2024;12:00;12
26/02/2024;13:00;17
26/02/2024;14:00;13
26/02/2024;15:00;12
26/02/2024;16:00;17
26/02/2024;17:00;17
26/02/2024;18:00;5
26/02/2024;19:00;11
26/02/2024;20:00;29
26/02/2024;21:00;14
26/02/2024;22:00;16
26/02/2024;23:00;12
26/02/2024;24:00;29
27/02/2024;01:00;14
27/02/2024;02:00;20
27/02/2024;03:00;19
27/02/2024;04:00;21
27/02/2024;05:00;11
27/02/2024;06:00;12
27/02/2024;07:00;13
27/02/2024;08:00;7
27/02/2024;09:00;11
27/02/2024;10:00;16
27/02/2024;11:00;21
27/02/2024;12:00;19
27/02/2024;13:00;21
27/02/2024;14:00;39
27/02/2024;15:00;16
27/02/2024;16:00;12
27/02/2024;17:00;22
27/02/2024;18:00;60
27/02/2024;19:00;32
27/02/2024;20:00;19
27/02/2024;21:00;11
27/02/2024;22:00;18
27/02/2024;23:00;18
27/02/2024;24:00;37
28/02/2024;01:00;33
28/02/2024;02:00;24
28/02/2024;03:00;16
28/02/2024;04:00;18
28/02/2024;05:00;20
28/02/2024;06:00;18
28/02/2024;07:00;24
28/02/2024;08:00;17
28/02/2024;09:00;25
28/02/2024;10:00;20
28/02/2024;11:00;19
28/02/2024;12:00;12
28/02/2024;13:00;17
28/02/2024;14:00;13
28/02/2024;15:00;18
28/02/2024;16:00;15
28/02/2024;17:00;16
28/02/2024;18:00;12
28/02/2024;19:00;18
28/02/2024;20:00;19
28/02/2024;21:00;17
28/02/2024;22:00;24
28/02/2024;23:00;26
28/02/2024;24:00;27
29/02/2024;01:00;22
29/02/2024;02:00;16
29/02/2024;03:00;16
29/02/2024;04:00;19
29/02/2024;05:00;15
29/02/2024;06:00;14
29/02/2024;07:00;14
29/02/2024;08:00;15
29/02/2024;09:00;14
29/02/2024;10:00;31
29/02/2024;11:00;76
29/02/2024;12:00;34
29/02/2024;13:00;32
29/02/2024;14:00;39
29/02/2024;15:00;18
29/02/2024;16:00;14
29/02/2024;17:00;17
29/02/2024;18:00;18
29/02/2024;19:00;28
29/02/2024;20:00;25
29/02/2024;21:00;15
29/02/2024;22:00;23
29/02/2024;23:00;18
29/02/2024;24:00;22
01/03/2024;01:00;15
01/03/2024;02:00;16
01/03/2024;03:00;8
01/03/2024;04:00;12
01/03/2024;05:00;12
01/03/2024;06:00;13
01/03/2024;07:00;15
01/03/2024;08:00;5
01/03/2024;09:00;19
01/03/2024;10:00;18
01/03/2024;11:00;22
01/03/2024;12:00;11
01/03/2024;13:00;7
01/03/2024;14:00;22
01/03/2024;15:00;12
01/03/2024;16:00;10
01/03/2024;17:00;12
01/03/2024;18:00;24
01/03/2024;19:00;21
01/03/2024;20:00;13
01/03/2024;21:00;15
01/03/2024;22:00;12
01/03/2024;23:00;24
01/03/2024;24:00;17
02/03/2024;01:00;20
02/03/2024;02:00;18
02/03/2024;03:00;11
02/03/2024;04:00;8
02/03/2024;05:00;7
02/03/2024;06:00;6
02/03/2024;07:00;10
02/03/2024;08:00;5
02/03/2024;09:00;7
02/03/2024;10:00;11
02/03/2024;11:00;17
02/03/2024;12:00;12
02/03/2024;13:00;11
02/03/2024;14:00;18
02/03/2024;15:00;8
02/03/2024;16:00;15
02/03/2024;17:00;15
02/03/2024;18:00;14
02/03/2024;19:00;22
02/03/2024;20:00;17
02/03/2024;21:00;16
02/03/2024;22:00;16
02/03/2024;23:00;16
02/03/2024;24:00;23
03/03/2024;01:00;16
03/03/2024;02:00;13
03/03/2024;03:00;31
03/03/2024;04:00;20
03/03/2024;05:00;11
03/03/2024;06:00;10
03/03/2024;07:00;7
03/03/2024;08:00;9
03/03/2024;09:00;13
03/03/2024;10:00;15
03/03/2024;11:00;12
03/03/2024;12:00;18
03/03/2024;13:00;16
03/03/2024;14:00;19
03/03/2024;15:00;15
03/03/2024;16:00;19
03/03/2024;17:00;11
03/03/2024;18:00;19
03/03/2024;19:00;15
03/03/2024;20:00;14
03/03/2024;21:00;12
03/03/2024;22:00;15
03/03/2024;23:00;17
03/03/2024;24:00;16
04/03/2024;01:00;23
04/03/2024;02:00;19
04/03/2024;03:00;19
04/03/2024;04:00;15
04/03/2024;05:00;18
04/03/2024;06:00;15
04/03/2024;07:00;14
04/03/2024;08:00;11
04/03/2024;09:00;19
04/03/2024;10:00;22
04/03/2024;11:00;17
04/03/2024;12:00;14
04/03/2024;13:00;17
04/03/2024;14:00;15
04/03/2024;15:00;18
04/03/2024;16:00;24
04/03/2024;17:00;20
04/03/2024;18:00;18
04/03/2024;19:00;17
04/03/2024;20:00;22
04/03/2024;21:00;26
04/03/2024;22:00;20
04/03/2024;23:00;27
04/03/2024;24:00;36
05/03/2024;01:00;26
05/03/2024;02:00;21
05/03/2024;03:00;24
05/03/2024;04:00;15
05/03/2024;05:00;22
05/03/2024;06:00;21
05/03/2024;07:00;24
05/03/2024;08:00;21
05/03/2024;09:00;28
05/03/2024;10:00;34
05/03/2024;11:00;28
05/03/2024;12:00;34
05/03/2024;13:00;25
05/03/2024;14:00;24
05/03/2024;15:00;21
05/03/2024;16:00;20
05/03/2024;17:00;69
05/03/2024;18:00;26
05/03/2024;19:00;22
05/03/2024;20:00;22
05/03/2024;21:00;13
05/03/2024;22:00;20
05/03/2024;23:00;13
05/03/2024;24:00;8
06/03/2024;01:00;20
06/03/2024;02:00;16
06/03/2024;03:00;15
06/03/2024;04:00;18
06/03/2024;05:00;16
06/03/2024;06:00;15
06/03/2024;07:00;16
06/03/2024;08:00;13
06/03/2024;09:00;11
06/03/2024;10:00;27
06/03/2024;11:00;25
06/03/2024;12:00;25
06/03/2024;13:00;21
06/03/2024;14:00;27
06/03/2024;15:00;18
06/03/2024;16:00;30
06/03/2024;17:00;41
06/03/2024;18:00;12
06/03/2024;19:00;4
06/03/2024;20:00;20
06/03/2024;21:00;65
06/03/2024;22:00;27
06/03/2024;23:00;17
06/03/2024;24:00;6
07/03/2024;01:00;17
07/03/2024;02:00;14
07/03/2024;03:00;10
07/03/2024;04:00;11
07/03/2024;05:00;11
07/03/2024;06:00;7
07/03/2024;07:00;14
07/03/2024;08:00;7
07/03/2024;09:00;7
07/03/2024;10:00;13
07/03/2024;11:00;10
07/03/2024;12:00;14
07/03/2024;13:00;19
07/03/2024;14:00;17
07/03/2024;15:00;9
07/03/2024;16:00;12
07/03/2024;17:00;14
07/03/2024;18:00;11
07/03/2024;19:00;20
07/03/2024;20:00;18
07/03/2024;21:00;21
07/03/2024;22:00;29
07/03/2024;23:00;2
07/03/2024;24:00;10
08/03/2024;01:00;12
08/03/2024;02:00;9
08/03/2024;03:00;12
08/03/2024;04:00;5
08/03/2024;05:00;12
08/03/2024;06:00;11
08/03/2024;07:00;12
08/03/2024;08:00;15
08/03/2024;09:00;12
08/03/2024;10:00;13
08/03/2024;11:00;12
08/03/2024;12:00;15
08/03/2024;13:00;8
08/03/2024;14:00;18
08/03/2024;15:00;11
08/03/2024;16:00;9
08/03/2024;17:00;22
08/03/2024;18:00;21
08/03/2024;19:00;21
08/03/2024;20:00;2
08/03/2024;21:00;9
08/03/2024;22:00;13
08/03/2024;23:00;15
08/03/2024;24:00;25
09/03/2024;01:00;20
09/03/2024;02:00;22
09/03/2024;03:00;11
09/03/2024;04:00;9
09/03/2024;05:00;6
09/03/2024;06:00;6
09/03/2024;07:00;9
09/03/2024;08:00;7
09/03/2024;09:00;5
09/03/2024;10:00;5
09/03/2024;11:00;3
09/03/2024;12:00;10
09/03/2024;13:00;11
09/03/2024;14:00;4
09/03/2024;15:00;6
09/03/2024;16:00;7
09/03/2024;17:00;14
09/03/2024;18:00;3
09/03/2024;19:00;17
09/03/2024;20:00;17
09/03/2024;21:00;8
09/03/2024;22:00;11
09/03/2024;23:00;12
09/03/2024;24:00;37
10/03/2024;01:00;27
10/03/2024;02:00;15
10/03/2024;03:00;12
10/03/2024;04:00;15
10/03/2024;05:00;11
10/03/2024;06:00;20
10/03/2024;07:00;7
10/03/2024;08:00;4
10/03/2024;09:00;7
10/03/2024;10:00;12
10/03/2024;11:00;8
10/03/2024;12:00;6
10/03/2024;13:00;11
10/03/2024;14:00;8
10/03/2024;15:00;10
10/03/2024;16:00;4
10/03/2024;17:00;9
10/03/2024;18:00;16
10/03/2024;19:00;13
10/03/2024;20:00;18
10/03/2024;21:00;16
10/03/2024;22:00;16
10/03/2024;23:00;12
10/03/2024;24:00;21
11/03/2024;01:00;13
11/03/2024;02:00;6
11/03/2024;03:00;10
11/03/2024;04:00;12
11/03/2024;05:00;11
11/03/2024;06:00;11
11/03/2024;07:00;6
11/03/2024;08:00;7
11/03/2024;09:00;8
11/03/2024;10:00;12
11/03/2024;11:00;13
11/03/2024;12:00;14
11/03/2024;13:00;11
11/03/2024;14:00;5
11/03/2024;15:00;10
11/03/2024;16:00;7
11/03/2024;17:00;16
11/03/2024;18:00;16
11/03/2024;19:00;13
11/03/2024;20:00;17
11/03/2024;21:00;17
11/03/2024;22:00;16
11/03/2024;23:00;14
11/03/2024;24:00;21
12/03/2024;01:00;16
12/03/2024;02:00;12
12/03/2024;03:00;15
12/03/2024;04:00;15
12/03/2024;05:00;15
12/03/2024;06:00;10
12/03/2024;07:00;13
12/03/2024;08:00;6
12/03/2024;09:00;7
12/03/2024;10:00;14
12/03/2024;11:00;14
12/03/2024;12:00;13
12/03/2024;13:00;16
12/03/2024;14:00;13
12/03/2024;15:00;13
12/03/2024;16:00;12
12/03/2024;17:00;21
12/03/2024;18:00;14
12/03/2024;19:00;23
12/03/2024;20:00;26
12/03/2024;21:00;11
12/03/2024;22:00;15
12/03/2024;23:00;15
12/03/2024;24:00;24
13/03/2024;01:00;17
13/03/2024;02:00;17
13/03/2024;03:00;17
13/03/2024;04:00;19
13/03/2024;05:00;20
13/03/2024;06:00;18
13/03/2024;07:00;19
13/03/2024;08:00;15
13/03/2024;09:00;20
13/03/2024;10:00;24
13/03/2024;11:00;23
13/03/2024;12:00;19
13/03/2024;13:00;28
13/03/2024;14:00;16
13/03/2024;15:00;15
13/03/2024;16:00;18
13/03/2024;17:00;21
13/03/2024;18:00;15
13/03/2024;19:00;23
13/03/2024;20:00;24
13/03/2024;21:00;19
13/03/2024;22:00;15
13/03/2024;23:00;18
13/03/2024;24:00;20
14/03/2024;01:00;21
14/03/2024;02:00;22
14/03/2024;03:00;19
14/03/2024;04:00;18
14/03/2024;05:00;20
14/03/2024;06:00;17
14/03/2024;07:00;18
14/03/2024;08:00;21
14/03/2024;09:00;23
14/03/2024;10:00;
14/03/2024;11:00;
14/03/2024;12:00;
14/03/2024;13:00;
14/03/2024;14:00;
14/03/2024;15:00;
14/03/2024;16:00;
14/03/2024;17:00;
14/03/2024;18:00;
14/03/2024;19:00;
14/03/2024;20:00;
14/03/2024;21:00;
14/03/2024;22:00;
14/03/2024;23:00;
14/03/2024;24:00;
15/03/2024;01:00;
15/03/2024;02:00;
15/03/2024;03:00;
15/03/2024;04:00;
15/03/2024;05:00;
15/03/2024;06:00;
15/03/2024;07:00;
15/03/2024;08:00;
15/03/2024;09:00;
15/03/2024;10:00;
15/03/2024;11:00;
15/03/2024;12:00;
15/03/2024;13:00;
15/03/2024;14:00;
15/03/2024;15:00;
15/03/2024;16:00;
15/03/2024;17:00;
15/03/2024;18:00;
15/03/2024;19:00;
15/03/2024;20:00;
15/03/2024;21:00;
15/03/2024;22:00;
15/03/2024;23:00;
15/03/2024;24:00;
16/03/2024;01:00;
16/03/2024;02:00;
16/03/2024;03:00;
16/03/2024;04:00;
16/03/2024;05:00;
16/03/2024;06:00;
16/03/2024;07:00;
16/03/2024;08:00;
16/03/2024;09:00;
16/03/2024;10:00;
16/03/2024;11:00;
16/03/2024;12:00;
16/03/2024;13:00;
16/03/2024;14:00;
16/03/2024;15:00;
16/03/2024;16:00;
16/03/2024;17:00;
16/03/2024;18:00;
16/03/2024;19:00;
16/03/2024;20:00;
16/03/2024;21:00;
16/03/2024;22:00;
16/03/2024;23:00;
16/03/2024;24:00;
17/03/2024;01:00;
17/03/2024;02:00;
17/03/2024;03:00;
17/03/2024;04:00;
17/03/2024;05:00;
17/03/2024;06:00;
17/03/2024;07:00;
17/03/2024;08:00;
17/03/2024;09:00;
17/03/2024;10:00;
17/03/2024;11:00;
17/03/2024;12:00;
17/03/2024;13:00;
17/03/2024;14:00;
17/03/2024;15:00;
17/03/2024;16:00;
17/03/2024;17:00;
17/03/2024;18:00;
17/03/2024;19:00;
17/03/2024;20:00;
17/03/2024;21:00;
17/03/2024;22:00;
17/03/2024;23:00;
17/03/2024;24:00;
18/03/2024;01:00;
18/03/2024;02:00;
18/03/2024;03:00;
18/03/2024;04:00;
18/03/2024;05:00;
18/03/2024;06:00;
18/03/2024;07:00;
18/03/2024;08:00;
18/03/2024;09:00;
18/03/2024;10:00;
18/03/2024;11:00;
18/03/2024;12:00;
18/03/2024;13:00;
18/03/2024;14:00;
18/03/2024;15:00;
18/03/2024;16:00;
18/03/2024;17:00;
18/03/2024;18:00;
18/03/2024;19:00;
18/03/2024;20:00;
18/03/2024;21:00;
18/03/2024;22:00;
18/03/2024;23:00;
18/03/2024;24:00;
19/03/2024;01:00;
19/03/2024;02:00;
19/03/2024;03:00;
19/03/2024;04:00;
19/03/2024;05:00;
19/03/2024;06:00;
19/03/2024;07:00;
19/03/2024;08:00;
19/03/2024;09:00;
19/03/2024;10:00;
19/03/2024;11:00;
19/03/2024;12:00;
19/03/2024;13:00;
19/03/2024;14:00;
19/03/2024;15:00;
19/03/2024;16:00;
19/03/2024;17:00;
19/03/2024;18:00;
19/03/2024;19:00;
19/03/2024;20:00;
19/03/2024;21:00;
19/03/2024;22:00;
19/03/2024;23:00;
19/03/2024;24:00;
20/03/2024;01:00;
20/03/2024;02:00;
20/03/2024;03:00;
20/03/2024;04:00;
20/03/2024;05:00;
20/03/2024;06:00;
20/03/2024;07:00;
20/03/2024;08:00;
20/03/2024;09:00;
20/03/2024;10:00;
20/03/2024;11:00;
20/03/2024;12:00;
20/03/2024;13:00;
20/03/2024;14:00;
20/03/2024;15:00;
20/03/2024;16:00;
20/03/2024;17:00;
20/03/2024;18:00;
20/03/2024;19:00;
20/03/2024;20:00;
20/03/2024;21:00;
20/03/2024;22:00;
20/03/2024;23:00;
20/03/2024;24:00;
21/03/2024;01:00;
21/03/2024;02:00;
21/03/2024;03:00;
21/03/2024;04:00;
21/03/2024;05:00;
21/03/2024;06:00;
21/03/2024;07:00;
21/03/2024;08:00;
21/03/2024;09:00;
21/03/2024;10:00;
21/03/2024;11:00;
21/03/2024;12:00;
21/03/2024;13:00;
21/03/2024;14:00;
21/03/2024;15:00;
21/03/2024;16:00;
21/03/2024;17:00;
21/03/2024;18:00;
21/03/2024;19:00;
21/03/2024;20:00;
21/03/2024;21:00;
21/03/2024;22:00;
21/03/2024;23:00;
21/03/2024;24:00;
22/03/2024;01:00;
22/03/2024;02:00;
22/03/2024;03:00;
22/03/2024;04:00;
22/03/2024;05:00;
22/03/2024;06:00;
22/03/2024;07:00;
22/03/2024;08:00;
22/03/2024;09:00;
22/03/2024;10:00;
22/03/2024;11:00;
22/03/2024;12:00;
22/03/2024;13:00;
22/03/2024;14:00;
22/03/2024;15:00;
22/03/2024;16:00;
22/03/2024;17:00;
22/03/2024;18:00;
22/03/2024;19:00;
22/03/2024;20:00;
22/03/2024;21:00;
22/03/2024;22:00;
22/03/2024;23:00;
22/03/2024;24:00;
23/03/2024;01:00;
23/03/2024;02:00;
23/03/2024;03:00;
23/03/2024;04:00;
23/03/2024;05:00;
23/03/2024;06:00;
23/03/2024;07:00;
23/03/2024;08:00;
23/03/2024;09:00;
23/03/2024;10:00;
23/03/2024;11:00;
23/03/2024;12:00;
23/03/2024;13:00;
23/03/2024;14:00;
23/03/2024;15:00;
23/03/2024;16:00;
23/03/2024;17:00;
23/03/2024;18:00;
23/03/2024;19:00;
23/03/2024;20:00;
23/03/2024;21:00;
23/03/2024;22:00;
23/03/2024;23:00;
23/03/2024;24:00;
24/03/2024;01:00;
24/03/2024;02:00;
24/03/2024;03:00;
24/03/2024;04:00;
24/03/2024;05:00;
24/03/2024;06:00;
24/03/2024;07:00;
24/03/2024;08:00;
24/03/2024;09:00;
24/03/2024;10:00;
24/03/2024;11:00;
24/03/2024;12:00;
24/03/2024;13:00;
24/03/2024;14:00;
24/03/2024;15:00;
24/03/2024;16:00;
24/03/2024;17:00;
24/03/2024;18:00;
24/03/2024;19:00;
24/03/2024;20:00;
24/03/2024;21:00;
24/03/2024;22:00;
24/03/2024;23:00;
24/03/2024;24:00;
25/03/2024;01:00;
25/03/2024;02:00;
25/03/2024;03:00;
25/03/2024;04:00;
25/03/2024;05:00;
25/03/2024;06:00;
25/03/2024;07:00;
25/03/2024;08:00;
25/03/2024;09:00;
25/03/2024;10:00;
25/03/2024;11:00;
25/03/2024;12:00;
25/03/2024;13:00;
25/03/2024;14:00;
25/03/2024;15:00;
25/03/2024;16:00;
25/03/2024;17:00;
25/03/2024;18:00;
25/03/2024;19:00;
25/03/2024;20:00;
25/03/2024;21:00;
25/03/2024;22:00;
25/03/2024;23:00;
25/03/2024;24:00;
26/03/2024;01:00;
26/03/2024;02:00;
26/03/2024;03:00;
26/03/2024;04:00;
26/03/2024;05:00;
26/03/2024;06:00;
26/03/2024;07:00;
26/03/2024;08:00;
26/03/2024;09:00;
26/03/2024;10:00;
26/03/2024;11:00;
26/03/2024;12:00;
26/03/2024;13:00;
26/03/2024;14:00;
26/03/2024;15:00;
26/03/2024;16:00;
26/03/2024;17:00;
26/03/2024;18:00;
26/03/2024;19:00;
26/03/2024;20:00;
26/03/2024;21:00;
26/03/2024;22:00;
26/03/2024;23:00;
26/03/2024;24:00;
27/03/2024;01:00;
27/03/2024;02:00;
27/03/2024;03:00;
27/03/2024;04:00;
27/03/2024;05:00;
27/03/2024;06:00;
27/03/2024;07:00;
27/03/2024;08:00;
27/03/2024;09:00;
27/03/2024;10:00;
27/03/2024;11:00;
27/03/2024;12:00;
27/03/2024;13:00;
27/03/2024;14:00;
27/03/2024;15:00;
27/03/2024;16:00;
27/03/2024;17:00;
27/03/2024;18:00;
27/03/2024;19:00;
27/03/2024;20:00;
27/03/2024;21:00;
27/03/2024;22:00;
27/03/2024;23:00;
27/03/2024;24:00;
28/03/2024;01:00;
28/03/2024;02:00;
28/03/2024;03:00;
28/03/2024;04:00;
28/03/2024;05:00;
28/03/2024;06:00;
28/03/2024;07:00;
28/03/2024;08:00;
28/03/2024;09:00;
28/03/2024;10:00;
28/03/2024;11:00;
28/03/2024;12:00;
28/03/2024;13:00;
28/03/2024;14:00;
28/03/2024;15:00;
28/03/2024;16:00;
28/03/2024;17:00;
28/03/2024;18:00;
28/03/2024;19:00;
28/03/2024;20:00;
28/03/2024;21:00;
28/03/2024;22:00;
28/03/2024;23:00;
28/03/2024;24:00;
29/03/2024;01:00;
29/03/2024;02:00;
29/03/2024;03:00;
29/03/2024;04:00;
29/03/2024;05:00;
29/03/2024;06:00;
29/03/2024;07:00;
29/03/2024;08:00;
29/03/2024;09:00;
29/03/2024;10:00;
29/03/2024;11:00;
29/03/2024;12:00;
29/03/2024;13:00;
29/03/2024;14:00;
29/03/2024;15:00;
29/03/2024;16:00;
29/03/2024;17:00;
29/03/2024;18:00;
29/03/2024;19:00;
29/03/2024;20:00;
29/03/2024;21:00;
29/03/2024;22:00;
29/03/2024;23:00;
29/03/2024;24:00;
30/03/2024;01:00;
30/03/2024;02:00;
30/03/2024;03:00;
30/03/2024;04:00;
30/03/2024;05:00;
30/03/2024;06:00;
30/03/2024;07:00;
30/03/2024;08:00;
30/03/2024;09:00;
30/03/2024;10:00;
30/03/2024;11:00;
30/03/2024;12:00;
30/03/2024;13:00;
30/03/2024;14:00;
30/03/2024;15:00;
30/03/2024;16:00;
30/03/2024;17:00;
30/03/2024;18:00;
30/03/2024;19:00;
30/03/2024;20:00;
30/03/2024;21:00;
30/03/2024;22:00;
30/03/2024;23:00;
30/03/2024;24:00;
31/03/2024;01:00;
31/03/2024;02:00;
31/03/2024;03:00;
31/03/2024;04:00;
31/03/2024;05:00;
31/03/2024;06:00;
31/03/2024;07:00;
31/03/2024;08:00;
31/03/2024;09:00;
31/03/2024;10:00;
31/03/2024;11:00;
31/03/2024;12:00;
31/03/2024;13:00;
31/03/2024;14:00;
31/03/2024;15:00;
31/03/2024;16:00;
31/03/2024;17:00;
31/03/2024;18:00;
31/03/2024;19:00;
31/03/2024;20:00;
31/03/2024;21:00;
31/03/2024;22:00;
31/03/2024;23:00;
31/03/2024;24:00;
01/04/2024;01:00;
01/04/2024;02:00;
01/04/2024;03:00;
01/04/2024;04:00;
01/04/2024;05:00;
01/04/2024;06:00;
01/04/2024;07:00;
01/04/2024;08:00;
01/04/2024;09:00;
01/04/2024;10:00;
01/04/2024;11:00;
01/04/2024;12:00;
01/04/2024;13:00;
01/04/2024;14:00;
01/04/2024;15:00;
01/04/2024;16:00;
01/04/2024;17:00;
01/04/2024;18:00;
01/04/2024;19:00;
01/04/2024;20:00;
01/04/2024;21:00;
01/04/2024;22:00;
01/04/2024;23:00;
01/04/2024;24:00;
02/04/2024;01:00;
02/04/2024;02:00;
02/04/2024;03:00;
02/04/2024;04:00;
02/04/2024;05:00;
02/04/2024;06:00;
02/04/2024;07:00;
02/04/2024;08:00;
02/04/2024;09:00;
02/04/2024;10:00;
02/04/2024;11:00;
02/04/2024;12:00;
02/04/2024;13:00;
02/04/2024;14:00;
02/04/2024;15:00;
02/04/2024;16:00;
02/04/2024;17:00;
02/04/2024;18:00;
02/04/2024;19:00;
02/04/2024;20:00;
02/04/2024;21:00;
02/04/2024;22:00;
02/04/2024;23:00;
02/04/2024;24:00;
03/04/2024;01:00;
03/04/2024;02:00;
03/04/2024;03:00;
03/04/2024;04:00;
03/04/2024;05:00;
03/04/2024;06:00;
03/04/2024;07:00;
03/04/2024;08:00;
03/04/2024;09:00;
03/04/2024;10:00;
03/04/2024;11:00;
03/04/2024;12:00;
03/04/2024;13:00;
03/04/2024;14:00;
03/04/2024;15:00;
03/04/2024;16:00;
03/04/2024;17:00;
03/04/2024;18:00;
03/04/2024;19:00;
03/04/2024;20:00;
03/04/2024;21:00;
03/04/2024;22:00;
03/04/2024;23:00;
03/04/2024;24:00;
04/04/2024;01:00;
04/04/2024;02:00;
04/04/2024;03:00;
04/04/2024;04:00;
04/04/2024;05:00;
04/04/2024;06:00;
04/04/2024;07:00;
04/04/2024;08:00;
04/04/2024;09:00;
04/04/2024;10:00;
04/04/2024;11:00;
04/04/2024;12:00;
04/04/2024;13:00;
04/04/2024;14:00;
04/04/2024;15:00;
04/04/2024;16:00;
04/04/2024;17:00;
04/04/2024;18:00;
04/04/2024;19:00;
04/04/2024;20:00;
04/04/2024;21:00;
04/04/2024;22:00;
04/04/2024;23:00;
04/04/2024;24:00;
05/04/2024;01:00;
05/04/2024;02:00;
05/04/2024;03:00;
05/04/2024;04:00;
05/04/2024;05:00;
05/04/2024;06:00;
05/04/2024;07:00;
05/04/2024;08:00;
05/04/2024;09:00;
05/04/2024;10:00;
05/04/2024;11:00;
05/04/2024;12:00;
05/04/2024;13:00;
05/04/2024;14:00;
05/04/2024;15:00;
05/04/2024;16:00;
05/04/2024;17:00;
05/04/2024;18:00;
05/04/2024;19:00;
05/04/2024;20:00;
05/04/2024;21:00;
05/04/2024;22:00;
05/04/2024;23:00;
05/04/2024;24:00;
06/04/2024;01:00;
06/04/2024;02:00;
06/04/2024;03:00;
06/04/2024;04:00;
06/04/2024;05:00;
06/04/2024;06:00;
06/04/2024;07:00;
06/04/2024;08:00;
06/04/2024;09:00;
06/04/2024;10:00;
06/04/2024;11:00;
06/04/2024;12:00;
06/04/2024;13:00;
06/04/2024;14:00;
06/04/2024;15:00;
06/04/2024;16:00;
06/04/2024;17:00;
06/04/2024;18:00;
06/04/2024;19:00;
06/04/2024;20:00;
06/04/2024;21:00;
06/04/2024;22:00;
06/04/2024;23:00;
06/04/2024;24:00;
07/04/2024;01:00;
07/04/2024;02:00;
07/04/2024;03:00;
07/04/2024;04:00;
07/04/2024;05:00;
07/04/2024;06:00;
07/04/2024;07:00;
07/04/2024;08:00;
07/04/2024;09:00;
07/04/2024;10:00;
07/04/2024;11:00;
07/04/2024;12:00;
07/04/2024;13:00;
07/04/2024;14:00;
07/04/2024;15:00;
07/04/2024;16:00;
07/04/2024;17:00;
07/04/2024;18:00;
07/04/2024;19:00;
07/04/2024;20:00;
07/04/2024;21:00;
07/04/2024;22:00;
07/04/2024;23:00;
07/04/2024;24:00;
08/04/2024;01:00;
08/04/2024;02:00;
08/04/2024;03:00;
08/04/2024;04:00;
08/04/2024;05:00;
08/04/2024;06:00;
08/04/2024;07:00;
08/04/2024;08:00;
08/04/2024;09:00;
08/04/2024;10:00;
08/04/2024;11:00;
08/04/2024;12:00;
08/04/2024;13:00;
08/04/2024;14:00;
08/04/2024;15:00;
08/04/2024;16:00;
08/04/2024;17:00;
08/04/2024;18:00;
08/04/2024;19:00;
08/04/2024;20:00;
08/04/2024;21:00;
08/04/2024;22:00;
08/04/2024;23:00;
08/04/2024;24:00;
09/04/2024;01:00;
09/04/2024;02:00;
09/04/2024;03:00;
09/04/2024;04:00;
09/04/2024;05:00;
09/04/2024;06:00;
09/04/2024;07:00;
09/04/2024;08:00;
09/04/2024;09:00;
09/04/2024;10:00;
09/04/2024;11:00;
09/04/2024;12:00;
09/04/2024;13:00;
09/04/2024;14:00;
09/04/2024;15:00;
09/04/2024;16:00;
09/04/2024;17:00;20
09/04/2024;18:00;40
09/04/2024;19:00;22
09/04/2024;20:00;42
09/04/2024;21:00;
09/04/2024;22:00;17
09/04/2024;23:00;23
09/04/2024;24:00;33
10/04/2024;01:00;22
10/04/2024;02:00;12
10/04/2024;03:00;20
10/04/2024;04:00;24
10/04/2024;05:00;25
10/04/2024;06:00;15
10/04/2024;07:00;19
10/04/2024;08:00;19
10/04/2024;09:00;18
10/04/2024;10:00;10
10/04/2024;11:00;11
10/04/2024;12:00;6
10/04/2024;13:00;11
10/04/2024;14:00;10
10/04/2024;15:00;11
10/04/2024;16:00;7
10/04/2024;17:00;14
10/04/2024;18:00;8
10/04/2024;19:00;26
10/04/2024;20:00;18
10/04/2024;21:00;10
10/04/2024;22:00;17
10/04/2024;23:00;17
10/04/2024;24:00;17
11/04/2024;01:00;20
11/04/2024;02:00;17
11/04/2024;03:00;13
11/04/2024;04:00;22
11/04/2024;05:00;37
11/04/2024;06:00;32
11/04/2024;07:00;22
11/04/2024;08:00;17
11/04/2024;09:00;18
11/04/2024;10:00;25
11/04/2024;11:00;22
11/04/2024;12:00;19
11/04/2024;13:00;15
11/04/2024;14:00;10
11/04/2024;15:00;11
11/04/2024;16:00;22
11/04/2024;17:00;3
11/04/2024;18:00;12
11/04/2024;19:00;16
11/04/2024;20:00;24
11/04/2024;21:00;25
11/04/2024;22:00;19
11/04/2024;23:00;20
11/04/2024;24:00;31
12/04/2024;01:00;25
12/04/2024;02:00;22
12/04/2024;03:00;25
12/04/2024;04:00;22
12/04/2024;05:00;14
12/04/2024;06:00;15
12/04/2024;07:00;17
12/04/2024;08:00;12
12/04/2024;09:00;18
12/04/2024;10:00;16
12/04/2024;11:00;19
12/04/2024;12:00;20
12/04/2024;13:00;21
12/04/2024;14:00;19
12/04/2024;15:00;16
12/04/2024;16:00;18
12/04/2024;17:00;27
12/04/2024;18:00;22
12/04/2024;19:00;23
12/04/2024;20:00;32
12/04/2024;21:00;26
12/04/2024;22:00;25
12/04/2024;23:00;35
12/04/2024;24:00;27
13/04/2024;01:00;28
13/04/2024;02:00;20
13/04/2024;03:00;23
13/04/2024;04:00;18
13/04/2024;05:00;17
13/04/2024;06:00;15
13/04/2024;07:00;17
13/04/2024;08:00;16
13/04/2024;09:00;19
13/04/2024;10:00;25
13/04/2024;11:00;24
13/04/2024;12:00;20
13/04/2024;13:00;23
13/04/2024;14:00;22
13/04/2024;15:00;21
13/04/2024;16:00;28
13/04/2024;17:00;28
13/04/2024;18:00;19
13/04/2024;19:00;11
13/04/2024;20:00;9
13/04/2024;21:00;10
13/04/2024;22:00;4
13/04/2024;23:00;11
13/04/2024;24:00;6
14/04/2024;01:00;16
14/04/2024;02:00;9
14/04/2024;03:00;11
14/04/2024;04:00;9
14/04/2024;05:00;7
14/04/2024;06:00;12
14/04/2024;07:00;7
14/04/2024;08:00;5
14/04/2024;09:00;6
14/04/2024;10:00;7
14/04/2024;11:00;5
14/04/2024;12:00;3
14/04/2024;13:00;5
14/04/2024;14:00;4
14/04/2024;15:00;9
14/04/2024;16:00;1
14/04/2024;17:00;13
14/04/2024;18:00;7
14/04/2024;19:00;6
14/04/2024;20:00;5
14/04/2024;21:00;7
14/04/2024;22:00;2
14/04/2024;23:00;3
14/04/2024;24:00;11
15/04/2024;01:00;16
15/04/2024;02:00;8
15/04/2024;03:00;6
15/04/2024;04:00;16
15/04/2024;05:00;11
15/04/2024;06:00;26
15/04/2024;07:00;13
15/04/2024;08:00;22
15/04/2024;09:00;18
15/04/2024;10:00;23
15/04/2024;11:00;19
15/04/2024;12:00;12
15/04/2024;13:00;13
15/04/2024;14:00;14
15/04/2024;15:00;14
15/04/2024;16:00;29
15/04/2024;17:00;11
15/04/2024;18:00;14
15/04/2024;19:00;15
15/04/2024;20:00;8
15/04/2024;21:00;16
15/04/2024;22:00;21
15/04/2024;23:00;17
15/04/2024;24:00;13
16/04/2024;01:00;20
16/04/2024;02:00;4
16/04/2024;03:00;9
16/04/2024;04:00;4
16/04/2024;05:00;6
16/04/2024;06:00;8
16/04/2024;07:00;10
16/04/2024;08:00;8
16/04/2024;09:00;11
16/04/2024;10:00;9
16/04/2024;11:00;10
16/04/2024;12:00;15
16/04/2024;13:00;11
16/04/2024;14:00;20
16/04/2024;15:00;19
16/04/2024;16:00;9
16/04/2024;17:00;22
16/04/2024;18:00;24
16/04/2024;19:00;7
16/04/2024;20:00;23
16/04/2024;21:00;21
16/04/2024;22:00;14
16/04/2024;23:00;9
16/04/2024;24:00;14
17/04/2024;01:00;15
17/04/2024;02:00;15
17/04/2024;03:00;11
17/04/2024;04:00;10
17/04/2024;05:00;5
17/04/2024;06:00;11
17/04/2024;07:00;14
17/04/2024;08:00;12
17/04/2024;09:00;8
17/04/2024;10:00;4
17/04/2024;11:00;14
17/04/2024;12:00;14
17/04/2024;13:00;9
17/04/2024;14:00;9
17/04/2024;15:00;10
17/04/2024;16:00;14
17/04/2024;17:00;8
17/04/2024;18:00;3
17/04/2024;19:00;9
17/04/2024;20:00;11
17/04/2024;21:00;16
17/04/2024;22:00;13
17/04/2024;23:00;11
17/04/2024;24:00;8
18/04/2024;01:00;23
18/04/2024;02:00;21
18/04/2024;03:00;18
18/04/2024;04:00;19
18/04/2024;05:00;19
18/04/2024;06:00;19
18/04/2024;07:00;22
18/04/2024;08:00;19
18/04/2024;09:00;28
18/04/2024;10:00;12
18/04/2024;11:00;21
18/04/2024;12:00;22
18/04/2024;13:00;8
18/04/2024;14:00;17
18/04/2024;15:00;14
18/04/2024;16:00;13
18/04/2024;17:00;14
18/04/2024;18:00;19
18/04/2024;19:00;19
18/04/2024;20:00;20
18/04/2024;21:00;10
18/04/2024;22:00;8
18/04/2024;23:00;14
18/04/2024;24:00;29
19/04/2024;01:00;17
19/04/2024;02:00;19
19/04/2024;03:00;22
19/04/2024;04:00;16
19/04/2024;05:00;14
19/04/2024;06:00;11
19/04/2024;07:00;11
19/04/2024;08:00;7
19/04/2024;09:00;11
19/04/2024;10:00;17
19/04/2024;11:00;11
19/04/2024;12:00;14
19/04/2024;13:00;12
19/04/2024;14:00;5
19/04/2024;15:00;9
19/04/2024;16:00;20
19/04/2024;17:00;54
19/04/2024;18:00;14
19/04/2024;19:00;23
19/04/2024;20:00;19
19/04/2024;21:00;17
19/04/2024;22:00;17
19/04/2024;23:00;17
19/04/2024;24:00;24
20/04/2024;01:00;23
20/04/2024;02:00;14
20/04/2024;03:00;15
20/04/2024;04:00;14
20/04/2024;05:00;16
20/04/2024;06:00;17
20/04/2024;07:00;15
20/04/2024;08:00;14
20/04/2024;09:00;9
20/04/2024;10:00;22
20/04/2024;11:00;19
20/04/2024;12:00;22
20/04/2024;13:00;21
20/04/2024;14:00;22
20/04/2024;15:00;21
20/04/2024;16:00;21
20/04/2024;17:00;22
20/04/2024;18:00;24
20/04/2024;19:00;30
20/04/2024;20:00;27
20/04/2024;21:00;22
20/04/2024;22:00;23
20/04/2024;23:00;17
20/04/2024;24:00;20
21/04/2024;01:00;27
21/04/2024;02:00;23
21/04/2024;03:00;23
21/04/2024;04:00;24
21/04/2024;05:00;22
21/04/2024;06:00;25
21/04/2024;07:00;23
21/04/2024;08:00;19
21/04/2024;09:00;10
21/04/2024;10:00;25
21/04/2024;11:00;23
21/04/2024;12:00;23
21/04/2024;13:00;22
21/04/2024;14:00;24
21/04/2024;15:00;17
21/04/2024;16:00;17
21/04/2024;17:00;14
21/04/2024;18:00;10
21/04/2024;19:00;32
21/04/2024;20:00;14
21/04/2024;21:00;20
21/04/2024;22:00;26
21/04/2024;23:00;23
21/04/2024;24:00;30
22/04/2024;01:00;19
22/04/2024;02:00;24
22/04/2024;03:00;18
22/04/2024;04:00;23
22/04/2024;05:00;19
22/04/2024;06:00;20
22/04/2024;07:00;25
22/04/2024;08:00;25
22/04/2024;09:00;24
22/04/2024;10:00;32
22/04/2024;11:00;28
22/04/2024;12:00;32
22/04/2024;13:00;24
22/04/2024;14:00;23
22/04/2024;15:00;23
22/04/2024;16:00;20
22/04/2024;17:00;19
22/04/2024;18:00;20
22/04/2024;19:00;25
22/04/2024;20:00;23
22/04/2024;21:00;32
22/04/2024;22:00;27
22/04/2024;23:00;38
22/04/2024;24:00;36
23/04/2024;01:00;32
23/04/2024;02:00;25
23/04/2024;03:00;21
23/04/2024;04:00;27
23/04/2024;05:00;26
23/04/2024;06:00;27
23/04/2024;07:00;28
23/04/2024;08:00;25
23/04/2024;09:00;21
23/04/2024;10:00;33
23/04/2024;11:00;26
23/04/2024;12:00;29
23/04/2024;13:00;25
23/04/2024;14:00;20
23/04/2024;15:00;29
23/04/2024;16:00;14
23/04/2024;17:00;22
23/04/2024;18:00;47
23/04/2024;19:00;78
23/04/2024;20:00;30
23/04/2024;21:00;28
23/04/2024;22:00;40
23/04/2024;23:00;50
23/04/2024;24:00;59
24/04/2024;01:00;26
24/04/2024;02:00;24
24/04/2024;03:00;25
24/04/2024;04:00;32
24/04/2024;05:00;22
24/04/2024;06:00;27
24/04/2024;07:00;29
24/04/2024;08:00;34
24/04/2024;09:00;43
24/04/2024;10:00;36
24/04/2024;11:00;36
24/04/2024;12:00;23
24/04/2024;13:00;28
24/04/2024;14:00;23
24/04/2024;15:00;25
24/04/2024;16:00;25
24/04/2024;17:00;20
24/04/2024;18:00;27
24/04/2024;19:00;25
24/04/2024;20:00;31
24/04/2024;21:00;30
24/04/2024;22:00;35
24/04/2024;23:00;31
24/04/2024;24:00;44
25/04/2024;01:00;28
25/04/2024;02:00;37
25/04/2024;03:00;32
25/04/2024;04:00;36
25/04/2024;05:00;34
25/04/2024;06:00;29
25/04/2024;07:00;31
25/04/2024;08:00;28
25/04/2024;09:00;36
25/04/2024;10:00;42
25/04/2024;11:00;42
25/04/2024;12:00;36
25/04/2024;13:00;34
25/04/2024;14:00;30
25/04/2024;15:00;31
25/04/2024;16:00;33
25/04/2024;17:00;32
25/04/2024;18:00;30
25/04/2024;19:00;30
25/04/2024;20:00;37
25/04/2024;21:00;29
25/04/2024;22:00;43
25/04/2024;23:00;35
25/04/2024;24:00;35
26/04/2024;01:00;34
26/04/2024;02:00;39
26/04/2024;03:00;32
26/04/2024;04:00;26
26/04/2024;05:00;23
26/04/2024;06:00;25
26/04/2024;07:00;28
26/04/2024;08:00;14
26/04/2024;09:00;11
26/04/2024;10:00;22
26/04/2024;11:00;30
26/04/2024;12:00;34
26/04/2024;13:00;42
26/04/2024;14:00;32
26/04/2024;15:00;32
26/04/2024;16:00;32
26/04/2024;17:00;31
26/04/2024;18:00;32
26/04/2024;19:00;40
26/04/2024;20:00;46
26/04/2024;21:00;48
26/04/2024;22:00;56
26/04/2024;23:00;44
26/04/2024;24:00;44
27/04/2024;01:00;37
27/04/2024;02:00;43
27/04/2024;03:00;34
27/04/2024;04:00;39
27/04/2024;05:00;38
27/04/2024;06:00;31
27/04/2024;07:00;35
27/04/2024;08:00;32
27/04/2024;09:00;34
27/04/2024;10:00;49
27/04/2024;11:00;41
27/04/2024;12:00;37
27/04/2024;13:00;38
27/04/2024;14:00;35
27/04/2024;15:00;32
27/04/2024;16:00;28
27/04/2024;17:00;25
27/04/2024;18:00;23
27/04/2024;19:00;38
27/04/2024;20:00;23
27/04/2024;21:00;27
27/04/2024;22:00;26
27/04/2024;23:00;25
27/04/2024;24:00;33
28/04/2024;01:00;26
28/04/2024;02:00;33
28/04/2024;03:00;28
28/04/2024;04:00;28
28/04/2024;05:00;26
28/04/2024;06:00;30
28/04/2024;07:00;36
28/04/2024;08:00;33
28/04/2024;09:00;20
28/04/2024;10:00;32
28/04/2024;11:00;33
28/04/2024;12:00;20
28/04/2024;13:00;26
28/04/2024;14:00;29
28/04/2024;15:00;24
28/04/2024;16:00;23
28/04/2024;17:00;30
28/04/2024;18:00;21
28/04/2024;19:00;26
28/04/2024;20:00;27
28/04/2024;21:00;18
28/04/2024;22:00;19
28/04/2024;23:00;24
28/04/2024;24:00;33
29/04/2024;01:00;23
29/04/2024;02:00;31
29/04/2024;03:00;29
29/04/2024;04:00;24
29/04/2024;05:00;27
29/04/2024;06:00;27
29/04/2024;07:00;27
29/04/2024;08:00;25
29/04/2024;09:00;24
29/04/2024;10:00;36
29/04/2024;11:00;31
29/04/2024;12:00;25
29/04/2024;13:00;30
29/04/2024;14:00;24
29/04/2024;15:00;30
29/04/2024;16:00;29
29/04/2024;17:00;19
29/04/2024;18:00;29
29/04/2024;19:00;32
29/04/2024;20:00;37
29/04/2024;21:00;31
29/04/2024;22:00;30
29/04/2024;23:00;27
29/04/2024;24:00;25
30/04/2024;01:00;32
30/04/2024;02:00;27
30/04/2024;03:00;34
30/04/2024;04:00;27
30/04/2024;05:00;35
30/04/2024;06:00;32
30/04/2024;07:00;33
30/04/2024;08:00;35
30/04/2024;09:00;33
30/04/2024;10:00;35
30/04/2024;11:00;38
30/04/2024;12:00;33
30/04/2024;13:00;29
30/04/2024;14:00;26
30/04/2024;15:00;25
30/04/2024;16:00;26
30/04/2024;17:00;26
30/04/2024;18:00;21
30/04/2024;19:00;31
30/04/2024;20:00;31
30/04/2024;21:00;38
30/04/2024;22:00;30
30/04/2024;23:00;28
30/04/2024;24:00;25
01/05/2024;01:00;36
01/05/2024;02:00;29
01/05/2024;03:00;33
01/05/2024;04:00;33
01/05/2024;05:00;38
01/05/2024;06:00;28
01/05/2024;07:00;34
01/05/2024;08:00;31
01/05/2024;09:00;23
01/05/2024;10:00;28
01/05/2024;11:00;33
01/05/2024;12:00;28
01/05/2024;13:00;32
01/05/2024;14:00;23
01/05/2024;15:00;20
01/05/2024;16:00;22
01/05/2024;17:00;19
01/05/2024;18:00;21
01/05/2024;19:00;30
01/05/2024;20:00;30
01/05/2024;21:00;27
01/05/2024;22:00;20
01/05/2024;23:00;26
01/05/2024;24:00;21
02/05/2024;01:00;34
02/05/2024;02:00;37
02/05/2024;03:00;30
02/05/2024;04:00;34
02/05/2024;05:00;27
02/05/2024;06:00;36
02/05/2024;07:00;34
02/05/2024;08:00;34
02/05/2024;09:00;28
02/05/2024;10:00;33
02/05/2024;11:00;34
02/05/2024;12:00;24
02/05/2024;13:00;32
02/05/2024;14:00;27
02/05/2024;15:00;20
02/05/2024;16:00;26
02/05/2024;17:00;21
02/05/2024;18:00;22
02/05/2024;19:00;28
02/05/2024;20:00;26
02/05/2024;21:00;29
02/05/2024;22:00;29
02/05/2024;23:00;26
02/05/2024;24:00;26
03/05/2024;01:00;32
03/05/2024;02:00;33
03/05/2024;03:00;35
03/05/2024;04:00;34
03/05/2024;05:00;28
03/05/2024;06:00;33
03/05/2024;07:00;38
03/05/2024;08:00;27
03/05/2024;09:00;40
03/05/2024;10:00;40
03/05/2024;11:00;44
03/05/2024;12:00;40
03/05/2024;13:00;33
03/05/2024;14:00;25
03/05/2024;15:00;24
03/05/2024;16:00;25
03/05/2024;17:00;24
03/05/2024;18:00;23
03/05/2024;19:00;31
03/05/2024;20:00;16
03/05/2024;21:00;23
03/05/2024;22:00;27
03/05/2024;23:00;29
03/05/2024;24:00;31
04/05/2024;01:00;29
04/05/2024;02:00;27
04/05/2024;03:00;31
04/05/2024;04:00;28
04/05/2024;05:00;28
04/05/2024;06:00;29
04/05/2024;07:00;31
04/05/2024;08:00;29
04/05/2024;09:00;25
04/05/2024;10:00;29
04/05/2024;11:00;34
04/05/2024;12:00;31
04/05/2024;13:00;36
04/05/2024;14:00;23
04/05/2024;15:00;22
04/05/2024;16:00;20
04/05/2024;17:00;24
04/05/2024;18:00;25
04/05/2024;19:00;31
04/05/2024;20:00;24
04/05/2024;21:00;24
04/05/2024;22:00;40
04/05/2024;23:00;36
04/05/2024;24:00;44
05/05/2024;01:00;32
05/05/2024;02:00;27
05/05/2024;03:00;25
05/05/2024;04:00;25
05/05/2024;05:00;30
05/05/2024;06:00;28
05/05/2024;07:00;28
05/05/2024;08:00;32
05/05/2024;09:00;35
05/05/2024;10:00;36
05/05/2024;11:00;40
05/05/2024;12:00;33
05/05/2024;13:00;26
05/05/2024;14:00;27
05/05/2024;15:00;26
05/05/2024;16:00;27
05/05/2024;17:00;28
05/05/2024;18:00;23
05/05/2024;19:00;34
05/05/2024;20:00;35
05/05/2024;21:00;33
05/05/2024;22:00;33
05/05/2024;23:00;27
05/05/2024;24:00;32
06/05/2024;01:00;38
06/05/2024;02:00;36
06/05/2024;03:00;43
06/05/2024;04:00;34
06/05/2024;05:00;32
06/05/2024;06:00;37
06/05/2024;07:00;38
06/05/2024;08:00;46
06/05/2024;09:00;48
06/05/2024;10:00;44
06/05/2024;11:00;41
06/05/2024;12:00;38
06/05/2024;13:00;33
06/05/2024;14:00;30
06/05/2024;15:00;37
06/05/2024;16:00;29
06/05/2024;17:00;28
06/05/2024;18:00;28
06/05/2024;19:00;34
06/05/2024;20:00;32
06/05/2024;21:00;34
06/05/2024;22:00;29
06/05/2024;23:00;32
06/05/2024;24:00;31
07/05/2024;01:00;35
07/05/2024;02:00;29
07/05/2024;03:00;26
07/05/2024;04:00;26
07/05/2024;05:00;29
07/05/2024;06:00;24
07/05/2024;07:00;29
07/05/2024;08:00;29
07/05/2024;09:00;31
07/05/2024;10:00;38
07/05/2024;11:00;36
07/05/2024;12:00;39
07/05/2024;13:00;33
07/05/2024;14:00;24
07/05/2024;15:00;18
07/05/2024;16:00;22
07/05/2024;17:00;22
07/05/2024;18:00;20
07/05/2024;19:00;39
07/05/2024;20:00;26
07/05/2024;21:00;33
07/05/2024;22:00;39
07/05/2024;23:00;27
07/05/2024;24:00;31
08/05/2024;01:00;36
08/05/2024;02:00;32
08/05/2024;03:00;30
08/05/2024;04:00;37
08/05/2024;05:00;32
08/05/2024;06:00;27
08/05/2024;07:00;32
08/05/2024;08:00;33
08/05/2024;09:00;35
08/05/2024;10:00;37
08/05/2024;11:00;32
08/05/2024;12:00;36
08/05/2024;13:00;36
08/05/2024;14:00;32
08/05/2024;15:00;24
08/05/2024;16:00;23
08/05/2024;17:00;17
08/05/2024;18:00;23
08/05/2024;19:00;34
08/05/2024;20:00;33
08/05/2024;21:00;26
08/05/2024;22:00;28
08/05/2024;23:00;27
08/05/2024;24:00;31
09/05/2024;01:00;34
09/05/2024;02:00;34
09/05/2024;03:00;36
09/05/2024;04:00;30
09/05/2024;05:00;40
09/05/2024;06:00;32
09/05/2024;07:00;30
09/05/2024;08:00;31
09/05/2024;09:00;35
09/05/2024;10:00;31
09/05/2024;11:00;34
09/05/2024;12:00;36
09/05/2024;13:00;30
09/05/2024;14:00;26
09/05/2024;15:00;25
09/05/2024;16:00;19
09/05/2024;17:00;25
09/05/2024;18:00;21
09/05/2024;19:00;29
09/05/2024;20:00;29
09/05/2024;21:00;31
09/05/2024;22:00;27
09/05/2024;23:00;31
09/05/2024;24:00;24
10/05/2024;01:00;31
10/05/2024;02:00;27
10/05/2024;03:00;26
10/05/2024;04:00;27
10/05/2024;05:00;31
10/05/2024;06:00;33
10/05/2024;07:00;36
10/05/2024;08:00;41
10/05/2024;09:00;38
10/05/2024;10:00;48
10/05/2024;11:00;44
10/05/2024;12:00;45
10/05/2024;13:00;38
10/05/2024;14:00;36
10/05/2024;15:00;28
10/05/2024;16:00;32
10/05/2024;17:00;37
10/05/2024;18:00;29
10/05/2024;19:00;40
10/05/2024;20:00;37
10/05/2024;21:00;41
10/05/2024;22:00;38
10/05/2024;23:00;43
10/05/2024;24:00;32
11/05/2024;01:00;35
11/05/2024;02:00;34
11/05/2024;03:00;29
11/05/2024;04:00;34
11/05/2024;05:00;42
11/05/2024;06:00;34
11/05/2024;07:00;33
11/05/2024;08:00;35
11/05/2024;09:00;32
11/05/2024;10:00;38
11/05/2024;11:00;41
11/05/2024;12:00;36
11/05/2024;13:00;33
11/05/2024;14:00;27
11/05/2024;15:00;22
11/05/2024;16:00;24
11/05/2024;17:00;23
11/05/2024;18:00;26
11/05/2024;19:00;30
11/05/2024;20:00;34
11/05/2024;21:00;32
11/05/2024;22:00;30
11/05/2024;23:00;31
11/05/2024;24:00;37
12/05/2024;01:00;34
12/05/2024;02:00;28
12/05/2024;03:00;30
12/05/2024;04:00;23
12/05/2024;05:00;24
12/05/2024;06:00;28
12/05/2024;07:00;35
12/05/2024;08:00;38
12/05/2024;09:00;28
12/05/2024;10:00;31
12/05/2024;11:00;29
12/05/2024;12:00;34
12/05/2024;13:00;34
12/05/2024;14:00;24
12/05/2024;15:00;17
12/05/2024;16:00;18
12/05/2024;17:00;15
12/05/2024;18:00;28
12/05/2024;19:00;37
12/05/2024;20:00;27
12/05/2024;21:00;30
12/05/2024;22:00;24
12/05/2024;23:00;21
12/05/2024;24:00;28
13/05/2024;01:00;24
13/05/2024;02:00;21
13/05/2024;03:00;24
13/05/2024;04:00;21
13/05/2024;05:00;38
13/05/2024;06:00;26
13/05/2024;07:00;25
13/05/2024;08:00;25
13/05/2024;09:00;26
13/05/2024;10:00;33
13/05/2024;11:00;30
13/05/2024;12:00;30
13/05/2024;13:00;39
13/05/2024;14:00;25
13/05/2024;15:00;24
13/05/2024;16:00;23
13/05/2024;17:00;28
13/05/2024;18:00;32
13/05/2024;19:00;37
13/05/2024;20:00;25
13/05/2024;21:00;28
13/05/2024;22:00;26
13/05/2024;23:00;32
13/05/2024;24:00;32
14/05/2024;01:00;39
14/05/2024;02:00;35
14/05/2024;03:00;34
14/05/2024;04:00;34
14/05/2024;05:00;26
14/05/2024;06:00;24
14/05/2024;07:00;22
14/05/2024;08:00;16
14/05/2024;09:00;16
14/05/2024;10:00;15
14/05/2024;11:00;10
14/05/2024;12:00;12
14/05/2024;13:00;9
14/05/2024;14:00;13
14/05/2024;15:00;10
14/05/2024;16:00;15
14/05/2024;17:00;15
14/05/2024;18:00;23
14/05/2024;19:00;19
14/05/2024;20:00;15
14/05/2024;21:00;25
14/05/2024;22:00;32
14/05/2024;23:00;21
14/05/2024;24:00;17
15/05/2024;01:00;28
15/05/2024;02:00;19
15/05/2024;03:00;26
15/05/2024;04:00;30
15/05/2024;05:00;35
15/05/2024;06:00;27
15/05/2024;07:00;28
15/05/2024;08:00;32
15/05/2024;09:00;27
15/05/2024;10:00;32
15/05/2024;11:00;29
15/05/2024;12:00;35
15/05/2024;13:00;21
15/05/2024;14:00;31
15/05/2024;15:00;26
15/05/2024;16:00;19
15/05/2024;17:00;24
15/05/2024;18:00;20
15/05/2024;19:00;24
15/05/2024;20:00;32
15/05/2024;21:00;27
15/05/2024;22:00;26
15/05/2024;23:00;26
15/05/2024;24:00;26
16/05/2024;01:00;37
16/05/2024;02:00;31
16/05/2024;03:00;29
16/05/2024;04:00;32
16/05/2024;05:00;27
16/05/2024;06:00;32
16/05/2024;07:00;35
16/05/2024;08:00;29
16/05/2024;09:00;26
16/05/2024;10:00;33
16/05/2024;11:00;39
16/05/2024;12:00;41
16/05/2024;13:00;44
16/05/2024;14:00;41
16/05/2024;15:00;35
16/05/2024;16:00;34
16/05/2024;17:00;29
16/05/2024;18:00;34
16/05/2024;19:00;41
16/05/2024;20:00;52
16/05/2024;21:00;48
16/05/2024;22:00;48
16/05/2024;23:00;47
16/05/2024;24:00;46
17/05/2024;01:00;36
17/05/2024;02:00;32
17/05/2024;03:00;34
17/05/2024;04:00;38
17/05/2024;05:00;41
17/05/2024;06:00;42
17/05/2024;07:00;38
17/05/2024;08:00;51
17/05/2024;09:00;49
17/05/2024;10:00;47
17/05/2024;11:00;41
17/05/2024;12:00;51
17/05/2024;13:00;51
17/05/2024;14:00;48
17/05/2024;15:00;42
17/05/2024;16:00;40
17/05/2024;17:00;36
17/05/2024;18:00;31
17/05/2024;19:00;41
17/05/2024;20:00;45
17/05/2024;21:00;38
17/05/2024;22:00;40
17/05/2024;23:00;38
17/05/2024;24:00;26
18/05/2024;01:00;35
18/05/2024;02:00;29
18/05/2024;03:00;34
18/05/2024;04:00;35
18/05/2024;05:00;33
18/05/2024;06:00;38
18/05/2024;07:00;44
18/05/2024;08:00;47
18/05/2024;09:00;44
18/05/2024;10:00;58
18/05/2024;11:00;58
18/05/2024;12:00;40
18/05/2024;13:00;50
18/05/2024;14:00;42
18/05/2024;15:00;36
18/05/2024;16:00;42
18/05/2024;17:00;36
18/05/2024;18:00;28
18/05/2024;19:00;33
18/05/2024;20:00;38
18/05/2024;21:00;38
18/05/2024;22:00;36
18/05/2024;23:00;33
18/05/2024;24:00;45
19/05/2024;01:00;39
19/05/2024;02:00;30
19/05/2024;03:00;25
19/05/2024;04:00;24
19/05/2024;05:00;18
19/05/2024;06:00;24
19/05/2024;07:00;18
19/05/2024;08:00;25
19/05/2024;09:00;23
19/05/2024;10:00;16
19/05/2024;11:00;19
19/05/2024;12:00;17
19/05/2024;13:00;21
19/05/2024;14:00;17
19/05/2024;15:00;15
19/05/2024;16:00;8
19/05/2024;17:00;4
19/05/2024;18:00;8
19/05/2024;19:00;3
19/05/2024;20:00;6
19/05/2024;21:00;5
19/05/2024;22:00;9
19/05/2024;23:00;6
19/05/2024;24:00;18
20/05/2024;01:00;8
20/05/2024;02:00;12
20/05/2024;03:00;15
20/05/2024;04:00;13
20/05/2024;05:00;14
20/05/2024;06:00;14
20/05/2024;07:00;13
20/05/2024;08:00;19
20/05/2024;09:00;8
20/05/2024;10:00;10
20/05/2024;11:00;15
20/05/2024;12:00;23
20/05/2024;13:00;15
20/05/2024;14:00;25
20/05/2024;15:00;21
20/05/2024;16:00;16
20/05/2024;17:00;16
20/05/2024;18:00;16
20/05/2024;19:00;20
20/05/2024;20:00;16
20/05/2024;21:00;8
20/05/2024;22:00;22
20/05/2024;23:00;18
20/05/2024;24:00;24
21/05/2024;01:00;21
21/05/2024;02:00;12
21/05/2024;03:00;13
21/05/2024;04:00;18
21/05/2024;05:00;20
21/05/2024;06:00;21
21/05/2024;07:00;18
21/05/2024;08:00;17
21/05/2024;09:00;25
21/05/2024;10:00;20
21/05/2024;11:00;20
21/05/2024;12:00;23
21/05/2024;13:00;27
21/05/2024;14:00;31
21/05/2024;15:00;37
21/05/2024;16:00;28
21/05/2024;17:00;33
21/05/2024;18:00;31
21/05/2024;19:00;41
21/05/2024;20:00;43
21/05/2024;21:00;36
21/05/2024;22:00;32
21/05/2024;23:00;41
21/05/2024;24:00;45
22/05/2024;01:00;42
22/05/2024;02:00;33
22/05/2024;03:00;38
22/05/2024;04:00;39
22/05/2024;05:00;42
22/05/2024;06:00;42
22/05/2024;07:00;44
22/05/2024;08:00;44
22/05/2024;09:00;45
22/05/2024;10:00;47
22/05/2024;11:00;54
22/05/2024;12:00;45
22/05/2024;13:00;45
22/05/2024;14:00;50
22/05/2024;15:00;44
22/05/2024;16:00;39
22/05/2024;17:00;32
22/05/2024;18:00;37
22/05/2024;19:00;43
22/05/2024;20:00;43
22/05/2024;21:00;44
22/05/2024;22:00;48
22/05/2024;23:00;43
22/05/2024;24:00;44
23/05/2024;01:00;45
23/05/2024;02:00;42
23/05/2024;03:00;40
23/05/2024;04:00;36
23/05/2024;05:00;43
23/05/2024;06:00;42
23/05/2024;07:00;44
23/05/2024;08:00;44
23/05/2024;09:00;37
23/05/2024;10:00;46
23/05/2024;11:00;42
23/05/2024;12:00;38
23/05/2024;13:00;36
23/05/2024;14:00;41
23/05/2024;15:00;40
23/05/2024;16:00;37
23/05/2024;17:00;34
23/05/2024;18:00;38
23/05/2024;19:00;34
23/05/2024;20:00;37
23/05/2024;21:00;40
23/05/2024;22:00;34
23/05/2024;23:00;34
23/05/2024;24:00;32
24/05/2024;01:00;26
24/05/2024;02:00;31
24/05/2024;03:00;26
24/05/2024;04:00;24
24/05/2024;05:00;23
24/05/2024;06:00;29
24/05/2024;07:00;35
24/05/2024;08:00;34
24/05/2024;09:00;28
24/05/2024;10:00;32
24/05/2024;11:00;13
24/05/2024;12:00;11
24/05/2024;13:00;7
24/05/2024;14:00;10
24/05/2024;15:00;8
24/05/2024;16:00;19
24/05/2024;17:00;5
24/05/2024;18:00;36
24/05/2024;19:00;10
24/05/2024;20:00;2
24/05/2024;21:00;8
24/05/2024;22:00;45
24/05/2024;23:00;8
24/05/2024;24:00;4
25/05/2024;01:00;13
25/05/2024;02:00;6
25/05/2024;03:00;12
25/05/2024;04:00;12
25/05/2024;05:00;3
25/05/2024;06:00;8
25/05/2024;07:00;13
25/05/2024;08:00;9
25/05/2024;09:00;13
25/05/2024;10:00;5
25/05/2024;11:00;5
25/05/2024;12:00;10
25/05/2024;13:00;8
25/05/2024;14:00;5
25/05/2024;15:00;9
25/05/2024;16:00;8
25/05/2024;17:00;7
25/05/2024;18:00;9
25/05/2024;19:00;10
25/05/2024;20:00;6
25/05/2024;21:00;7
25/05/2024;22:00;10
25/05/2024;23:00;7
25/05/2024;24:00;13
26/05/2024;01:00;23
26/05/2024;02:00;16
26/05/2024;03:00;13
26/05/2024;04:00;9
26/05/2024;05:00;10
26/05/2024;06:00;10
26/05/2024;07:00;28
26/05/2024;08:00;13
26/05/2024;09:00;7
26/05/2024;10:00;8
26/05/2024;11:00;9
26/05/2024;12:00;9
26/05/2024;13:00;11
26/05/2024;14:00;3
26/05/2024;15:00;5
26/05/2024;16:00;13
26/05/2024;17:00;4
26/05/2024;18:00;4
26/05/2024;19:00;5
26/05/2024;20:00;7
26/05/2024;21:00;6
26/05/2024;22:00;6
26/05/2024;23:00;3
26/05/2024;24:00;14
27/05/2024;01:00;9
27/05/2024;02:00;6
27/05/2024;03:00;3
27/05/2024;04:00;6
27/05/2024;05:00;4
27/05/2024;06:00;5
27/05/2024;07:00;4
27/05/2024;08:00;7
27/05/2024;09:00;8
27/05/2024;10:00;11
27/05/2024;11:00;8
27/05/2024;12:00;16
27/05/2024;13:00;17
27/05/2024;14:00;10
27/05/2024;15:00;18
27/05/2024;16:00;15
27/05/2024;17:00;6
27/05/2024;18:00;5
27/05/2024;19:00;2
27/05/2024;20:00;7
27/05/2024;21:00;3
27/05/2024;22:00;3
27/05/2024;23:00;4
27/05/2024;24:00;6
28/05/2024;01:00;13
28/05/2024;02:00;6
28/05/2024;03:00;4
28/05/2024;04:00;6
28/05/2024;05:00;7
28/05/2024;06:00;4
28/05/2024;07:00;10
28/05/2024;08:00;10
28/05/2024;09:00;7
28/05/2024;10:00;7
28/05/2024;11:00;8
28/05/2024;12:00;10
28/05/2024;13:00;11
28/05/2024;14:00;9
28/05/2024;15:00;13
28/05/2024;16:00;19
28/05/2024;17:00;11
28/05/2024;18:00;14
28/05/2024;19:00;20
28/05/2024;20:00;14
28/05/2024;21:00;10
28/05/2024;22:00;11
28/05/2024;23:00;17
28/05/2024;24:00;28
29/05/2024;01:00;19
29/05/2024;02:00;20
29/05/2024;03:00;12
29/05/2024;04:00;13
29/05/2024;05:00;19
29/05/2024;06:00;15
29/05/2024;07:00;21
29/05/2024;08:00;48
29/05/2024;09:00;50
29/05/2024;10:00;37
29/05/2024;11:00;24
29/05/2024;12:00;8
29/05/2024;13:00;14
29/05/2024;14:00;14
29/05/2024;15:00;15
29/05/2024;16:00;10
29/05/2024;17:00;8
29/05/2024;18:00;10
29/05/2024;19:00;22
29/05/2024;20:00;15
29/05/2024;21:00;13
29/05/2024;22:00;14
29/05/2024;23:00;13
29/05/2024;24:00;9
30/05/2024;01:00;11
30/05/2024;02:00;7
30/05/2024;03:00;10
30/05/2024;04:00;9
30/05/2024;05:00;10
30/05/2024;06:00;12
30/05/2024;07:00;5
30/05/2024;08:00;10
30/05/2024;09:00;5
30/05/2024;10:00;9
30/05/2024;11:00;7
30/05/2024;12:00;11
30/05/2024;13:00;14
30/05/2024;14:00;17
30/05/2024;15:00;8
30/05/2024;16:00;10
30/05/2024;17:00;9
30/05/2024;18:00;12
30/05/2024;19:00;19
30/05/2024;20:00;9
30/05/2024;21:00;9
30/05/2024;22:00;10
30/05/2024;23:00;13
30/05/2024;24:00;12
31/05/2024;01:00;11
31/05/2024;02:00;13
31/05/2024;03:00;16
31/05/2024;04:00;10
31/05/2024;05:00;14
31/05/2024;06:00;8
31/05/2024;07:00;9
31/05/2024;08:00;11
31/05/2024;09:00;2
31/05/2024;10:00;11
31/05/2024;11:00;11
31/05/2024;12:00;14
31/05/2024;13:00;17
31/05/2024;14:00;15
31/05/2024;15:00;12
31/05/2024;16:00;10
31/05/2024;17:00;15
31/05/2024;18:00;15
31/05/2024;19:00;26
31/05/2024;20:00;19
31/05/2024;21:00;17
31/05/2024;22:00;19
31/05/2024;23:00;16
31/05/2024;24:00;25
01/06/2024;01:00;21
01/06/2024;02:00;21
01/06/2024;03:00;16
01/06/2024;04:00;16
01/06/2024;05:00;17
01/06/2024;06:00;10
01/06/2024;07:00;13
01/06/2024;08:00;9
01/06/2024;09:00;19
01/06/2024;10:00;15
01/06/2024;11:00;24
01/06/2024;12:00;23
01/06/2024;13:00;29
01/06/2024;14:00;24
01/06/2024;15:00;26
01/06/2024;16:00;29
01/06/2024;17:00;30
01/06/2024;18:00;29
01/06/2024;19:00;38
01/06/2024;20:00;36
01/06/2024;21:00;47
01/06/2024;22:00;31
01/06/2024;23:00;35
01/06/2024;24:00;29
02/06/2024;01:00;29
02/06/2024;02:00;34
02/06/2024;03:00;23
02/06/2024;04:00;27
02/06/2024;05:00;25
02/06/2024;06:00;25
02/06/2024;07:00;23
02/06/2024;08:00;29
02/06/2024;09:00;24
02/06/2024;10:00;30
02/06/2024;11:00;36
02/06/2024;12:00;29
02/06/2024;13:00;34
02/06/2024;14:00;28
02/06/2024;15:00;31
02/06/2024;16:00;21
02/06/2024;17:00;22
02/06/2024;18:00;25
02/06/2024;19:00;24
02/06/2024;20:00;26
02/06/2024;21:00;30
02/06/2024;22:00;32
02/06/2024;23:00;22
02/06/2024;24:00;27
03/06/2024;01:00;24
03/06/2024;02:00;24
03/06/2024;03:00;22
03/06/2024;04:00;22
03/06/2024;05:00;25
03/06/2024;06:00;19
03/06/2024;07:00;28
03/06/2024;08:00;27
03/06/2024;09:00;25
03/06/2024;10:00;36
03/06/2024;11:00;42
03/06/2024;12:00;39
03/06/2024;13:00;69
03/06/2024;14:00;42
03/06/2024;15:00;18
03/06/2024;16:00;19
03/06/2024;17:00;14
03/06/2024;18:00;22
03/06/2024;19:00;31
03/06/2024;20:00;37
03/06/2024;21:00;40
03/06/2024;22:00;35
03/06/2024;23:00;29
03/06/2024;24:00;30
04/06/2024;01:00;23
04/06/2024;02:00;24
04/06/2024;03:00;28
04/06/2024;04:00;28
04/06/2024;05:00;23
04/06/2024;06:00;23
04/06/2024;07:00;23
04/06/2024;08:00;30
04/06/2024;09:00;24
04/06/2024;10:00;36
04/06/2024;11:00;79
04/06/2024;12:00;45
04/06/2024;13:00;38
04/06/2024;14:00;35
04/06/2024;15:00;28
04/06/2024;16:00;22
04/06/2024;17:00;20
04/06/2024;18:00;26
04/06/2024;19:00;36
04/06/2024;20:00;32
04/06/2024;21:00;31
04/06/2024;22:00;26
04/06/2024;23:00;24
04/06/2024;24:00;16
05/06/2024;01:00;13
05/06/2024;02:00;13
05/06/2024;03:00;15
05/06/2024;04:00;12
05/06/2024;05:00;12
05/06/2024;06:00;8
05/06/2024;07:00;13
05/06/2024;08:00;13
05/06/2024;09:00;5
05/06/2024;10:00;13
05/06/2024;11:00;15
05/06/2024;12:00;17
05/06/2024;13:00;27
05/06/2024;14:00;23
05/06/2024;15:00;23
05/06/2024;16:00;18
05/06/2024;17:00;25
05/06/2024;18:00;22
05/06/2024;19:00;35
05/06/2024;20:00;27
05/06/2024;21:00;27
05/06/2024;22:00;24
05/06/2024;23:00;26
05/06/2024;24:00;24
06/06/2024;01:00;29
06/06/2024;02:00;28
06/06/2024;03:00;26
06/06/2024;04:00;28
06/06/2024;05:00;25
06/06/2024;06:00;24
06/06/2024;07:00;23
06/06/2024;08:00;27
06/06/2024;09:00;23
06/06/2024;10:00;28
06/06/2024;11:00;35
06/06/2024;12:00;28
06/06/2024;13:00;29
06/06/2024;14:00;29
06/06/2024;15:00;24
06/06/2024;16:00;21
06/06/2024;17:00;21
06/06/2024;18:00;25
06/06/2024;19:00;35
06/06/2024;20:00;47
06/06/2024;21:00;43
06/06/2024;22:00;36
06/06/2024;23:00;35
06/06/2024;24:00;43
07/06/2024;01:00;31
07/06/2024;02:00;35
07/06/2024;03:00;27
07/06/2024;04:00;29
07/06/2024;05:00;27
07/06/2024;06:00;22
07/06/2024;07:00;24
07/06/2024;08:00;29
07/06/2024;09:00;26
07/06/2024;10:00;35
07/06/2024;11:00;38
07/06/2024;12:00;36
07/06/2024;13:00;28
07/06/2024;14:00;32
07/06/2024;15:00;25
07/06/2024;16:00;24
07/06/2024;17:00;24
07/06/2024;18:00;28
07/06/2024;19:00;34
07/06/2024;20:00;38
07/06/2024;21:00;45
07/06/2024;22:00;39
07/06/2024;23:00;35
07/06/2024;24:00;45
08/06/2024;01:00;38
08/06/2024;02:00;39
08/06/2024;03:00;34
08/06/2024;04:00;33
08/06/2024;05:00;29
08/06/2024;06:00;33
08/06/2024;07:00;30
08/06/2024;08:00;30
08/06/2024;09:00;26
08/06/2024;10:00;33
08/06/2024;11:00;35
08/06/2024;12:00;36
08/06/2024;13:00;39
08/06/2024;14:00;32
08/06/2024;15:00;24
08/06/2024;16:00;25
08/06/2024;17:00;28
08/06/2024;18:00;29
08/06/2024;19:00;34
08/06/2024;20:00;40
08/06/2024;21:00;35
08/06/2024;22:00;38
08/06/2024;23:00;41
08/06/2024;24:00;27
09/06/2024;01:00;38
09/06/2024;02:00;33
09/06/2024;03:00;32
09/06/2024;04:00;33
09/06/2024;05:00;29
09/06/2024;06:00;33
09/06/2024;07:00;32
09/06/2024;08:00;36
09/06/2024;09:00;36
09/06/2024;10:00;41
09/06/2024;11:00;44
09/06/2024;12:00;38
09/06/2024;13:00;34
09/06/2024;14:00;32
09/06/2024;15:00;27
09/06/2024;16:00;21
09/06/2024;17:00;31
09/06/2024;18:00;37
09/06/2024;19:00;33
09/06/2024;20:00;30
09/06/2024;21:00;29
09/06/2024;22:00;27
09/06/2024;23:00;29
09/06/2024;24:00;30
10/06/2024;01:00;34
10/06/2024;02:00;28
10/06/2024;03:00;33
10/06/2024;04:00;26
10/06/2024;05:00;25
10/06/2024;06:00;26
10/06/2024;07:00;26
10/06/2024;08:00;27
10/06/2024;09:00;26
10/06/2024;10:00;26
10/06/2024;11:00;31
10/06/2024;12:00;28
10/06/2024;13:00;25
10/06/2024;14:00;28
10/06/2024;15:00;23
10/06/2024;16:00;24
10/06/2024;17:00;18
10/06/2024;18:00;24
10/06/2024;19:00;27
10/06/2024;20:00;29
10/06/2024;21:00;34
10/06/2024;22:00;35
10/06/2024;23:00;37
10/06/2024;24:00;30
11/06/2024;01:00;36
11/06/2024;02:00;22
11/06/2024;03:00;26
11/06/2024;04:00;35
11/06/2024;05:00;32
11/06/2024;06:00;32
11/06/2024;07:00;33
11/06/2024;08:00;25
11/06/2024;09:00;26
11/06/2024;10:00;36
11/06/2024;11:00;37
11/06/2024;12:00;31
11/06/2024;13:00;36
11/06/2024;14:00;24
11/06/2024;15:00;23
11/06/2024;16:00;19
11/06/2024;17:00;26
11/06/2024;18:00;22
11/06/2024;19:00;31
11/06/2024;20:00;35
11/06/2024;21:00;30
11/06/2024;22:00;25
11/06/2024;23:00;30
11/06/2024;24:00;17
12/06/2024;01:00;32
12/06/2024;02:00;32
12/06/2024;03:00;34
12/06/2024;04:00;35
12/06/2024;05:00;34
12/06/2024;06:00;39
12/06/2024;07:00;42
12/06/2024;08:00;34
12/06/2024;09:00;40
12/06/2024;10:00;38
12/06/2024;11:00;45
12/06/2024;12:00;45
12/06/2024;13:00;37
12/06/2024;14:00;41
12/06/2024;15:00;28
12/06/2024;16:00;29
12/06/2024;17:00;23
12/06/2024;18:00;32
12/06/2024;19:00;31
12/06/2024;20:00;47
12/06/2024;21:00;44
12/06/2024;22:00;43
12/06/2024;23:00;36
12/06/2024;24:00;47
13/06/2024;01:00;36
13/06/2024;02:00;32
13/06/2024;03:00;30
13/06/2024;04:00;33
13/06/2024;05:00;38
13/06/2024;06:00;38
13/06/2024;07:00;40
13/06/2024;08:00;44
13/06/2024;09:00;47
13/06/2024;10:00;50
13/06/2024;11:00;49
13/06/2024;12:00;40
13/06/2024;13:00;54
13/06/2024;14:00;40
13/06/2024;15:00;40
13/06/2024;16:00;34
13/06/2024;17:00;32
13/06/2024;18:00;34
13/06/2024;19:00;63
13/06/2024;20:00;83
13/06/2024;21:00;45
13/06/2024;22:00;46
13/06/2024;23:00;47
13/06/2024;24:00;43
14/06/2024;01:00;49
14/06/2024;02:00;46
14/06/2024;03:00;41
14/06/2024;04:00;64
14/06/2024;05:00;68
14/06/2024;06:00;56
14/06/2024;07:00;50
14/06/2024;08:00;48
14/06/2024;09:00;36
14/06/2024;10:00;38
14/06/2024;11:00;41
14/06/2024;12:00;34
14/06/2024;13:00;37
14/06/2024;14:00;45
14/06/2024;15:00;42
14/06/2024;16:00;42
14/06/2024;17:00;39
14/06/2024;18:00;41
14/06/2024;19:00;39
14/06/2024;20:00;38
14/06/2024;21:00;27
14/06/2024;22:00;29
14/06/2024;23:00;35
14/06/2024;24:00;42
15/06/2024;01:00;34
15/06/2024;02:00;39
15/06/2024;03:00;37
15/06/2024;04:00;37
15/06/2024;05:00;36
15/06/2024;06:00;38
15/06/2024;07:00;37
15/06/2024;08:00;31
15/06/2024;09:00;29
15/06/2024;10:00;31
15/06/2024;11:00;38
15/06/2024;12:00;36
15/06/2024;13:00;28
15/06/2024;14:00;26
15/06/2024;15:00;20
15/06/2024;16:00;18
15/06/2024;17:00;16
15/06/2024;18:00;21
15/06/2024;19:00;33
15/06/2024;20:00;28
15/06/2024;21:00;32
15/06/2024;22:00;38
15/06/2024;23:00;43
15/06/2024;24:00;39
16/06/2024;01:00;27
16/06/2024;02:00;22
16/06/2024;03:00;26
16/06/2024;04:00;34
16/06/2024;05:00;27
16/06/2024;06:00;31
16/06/2024;07:00;28
16/06/2024;08:00;33
16/06/2024;09:00;26
16/06/2024;10:00;35
16/06/2024;11:00;40
16/06/2024;12:00;33
16/06/2024;13:00;32
16/06/2024;14:00;22
16/06/2024;15:00;21
16/06/2024;16:00;19
16/06/2024;17:00;23
16/06/2024;18:00;19
16/06/2024;19:00;26
16/06/2024;20:00;35
16/06/2024;21:00;33
16/06/2024;22:00;36
16/06/2024;23:00;44
16/06/2024;24:00;42
17/06/2024;01:00;39
17/06/2024;02:00;28
17/06/2024;03:00;29
17/06/2024;04:00;30
17/06/2024;05:00;31
17/06/2024;06:00;33
17/06/2024;07:00;34
17/06/2024;08:00;34
17/06/2024;09:00;35
17/06/2024;10:00;32
17/06/2024;11:00;29
17/06/2024;12:00;27
17/06/2024;13:00;30
17/06/2024;14:00;32
17/06/2024;15:00;38
17/06/2024;16:00;27
17/06/2024;17:00;35
17/06/2024;18:00;29
17/06/2024;19:00;41
17/06/2024;20:00;37
17/06/2024;21:00;36
17/06/2024;22:00;40
17/06/2024;23:00;31
17/06/2024;24:00;32
18/06/2024;01:00;34
18/06/2024;02:00;40
18/06/2024;03:00;32
18/06/2024;04:00;37
18/06/2024;05:00;33
18/06/2024;06:00;39
18/06/2024;07:00;37
18/06/2024;08:00;36
18/06/2024;09:00;35
18/06/2024;10:00;36
18/06/2024;11:00;53
18/06/2024;12:00;47
18/06/2024;13:00;41
18/06/2024;14:00;42
18/06/2024;15:00;41
18/06/2024;16:00;43
18/06/2024;17:00;46
18/06/2024;18:00;41
18/06/2024;19:00;35
18/06/2024;20:00;31
18/06/2024;21:00;31
18/06/2024;22:00;36
18/06/2024;23:00;34
18/06/2024;24:00;29
19/06/2024;01:00;41
19/06/2024;02:00;39
19/06/2024;03:00;43
19/06/2024;04:00;35
19/06/2024;05:00;42
19/06/2024;06:00;39
19/06/2024;07:00;35
19/06/2024;08:00;35
19/06/2024;09:00;37
19/06/2024;10:00;41
19/06/2024;11:00;43
19/06/2024;12:00;49
19/06/2024;13:00;52
19/06/2024;14:00;45
19/06/2024;15:00;31
19/06/2024;16:00;26
19/06/2024;17:00;21
19/06/2024;18:00;36
19/06/2024;19:00;38
19/06/2024;20:00;34
19/06/2024;21:00;36
19/06/2024;22:00;42
19/06/2024;23:00;33
19/06/2024;24:00;40
20/06/2024;01:00;34
20/06/2024;02:00;43
20/06/2024;03:00;41
20/06/2024;04:00;38
20/06/2024;05:00;33
20/06/2024;06:00;34
20/06/2024;07:00;37
20/06/2024;08:00;39
20/06/2024;09:00;41
20/06/2024;10:00;48
20/06/2024;11:00;50
20/06/2024;12:00;40
20/06/2024;13:00;42
20/06/2024;14:00;26
20/06/2024;15:00;27
20/06/2024;16:00;21
20/06/2024;17:00;29
20/06/2024;18:00;33
20/06/2024;19:00;35
20/06/2024;20:00;40
20/06/2024;21:00;44
20/06/2024;22:00;45
20/06/2024;23:00;47
20/06/2024;24:00;49
21/06/2024;01:00;35
21/06/2024;02:00;35
21/06/2024;03:00;35
21/06/2024;04:00;39
21/06/2024;05:00;44
21/06/2024;06:00;39
21/06/2024;07:00;41
21/06/2024;08:00;47
21/06/2024;09:00;54
21/06/2024;10:00;52
21/06/2024;11:00;56
21/06/2024;12:00;49
21/06/2024;13:00;49
21/06/2024;14:00;45
21/06/2024;15:00;44
21/06/2024;16:00;41
21/06/2024;17:00;33
21/06/2024;18:00;33
21/06/2024;19:00;36
21/06/2024;20:00;41
21/06/2024;21:00;39
21/06/2024;22:00;39
21/06/2024;23:00;43
21/06/2024;24:00;45
22/06/2024;01:00;54
22/06/2024;02:00;49
22/06/2024;03:00;53
22/06/2024;04:00;44
22/06/2024;05:00;52
22/06/2024;06:00;54
22/06/2024;07:00;54
22/06/2024;08:00;53
22/06/2024;09:00;51
22/06/2024;10:00;50
22/06/2024;11:00;41
22/06/2024;12:00;43
22/06/2024;13:00;34
22/06/2024;14:00;41
22/06/2024;15:00;33
22/06/2024;16:00;28
22/06/2024;17:00;25
22/06/2024;18:00;31
22/06/2024;19:00;33
22/06/2024;20:00;37
22/06/2024;21:00;38
22/06/2024;22:00;44
22/06/2024;23:00;41
22/06/2024;24:00;43
23/06/2024;01:00;44
23/06/2024;02:00;42
23/06/2024;03:00;43
23/06/2024;04:00;44
23/06/2024;05:00;40
23/06/2024;06:00;42
23/06/2024;07:00;40
23/06/2024;08:00;40
23/06/2024;09:00;37
23/06/2024;10:00;39
23/06/2024;11:00;37
23/06/2024;12:00;30
23/06/2024;13:00;31
23/06/2024;14:00;22
23/06/2024;15:00;22
23/06/2024;16:00;14
23/06/2024;17:00;23
23/06/2024;18:00;20
23/06/2024;19:00;30
23/06/2024;20:00;30
23/06/2024;21:00;26
23/06/2024;22:00;31
23/06/2024;23:00;28
23/06/2024;24:00;48
24/06/2024;01:00;36
24/06/2024;02:00;33
24/06/2024;03:00;36
24/06/2024;04:00;45
24/06/2024;05:00;40
24/06/2024;06:00;37
24/06/2024;07:00;43
24/06/2024;08:00;43
24/06/2024;09:00;43
24/06/2024;10:00;38
24/06/2024;11:00;45
24/06/2024;12:00;44
24/06/2024;13:00;40
24/06/2024;14:00;41
24/06/2024;15:00;33
24/06/2024;16:00;33
24/06/2024;17:00;36
24/06/2024;18:00;30
24/06/2024;19:00;46
24/06/2024;20:00;55
24/06/2024;21:00;42
24/06/2024;22:00;41
24/06/2024;23:00;29
24/06/2024;24:00;28
25/06/2024;01:00;30
25/06/2024;02:00;25
25/06/2024;03:00;26
25/06/2024;04:00;26
25/06/2024;05:00;23
25/06/2024;06:00;29
25/06/2024;07:00;31
25/06/2024;08:00;35
25/06/2024;09:00;47
25/06/2024;10:00;39
25/06/2024;11:00;57
25/06/2024;12:00;64
25/06/2024;13:00;47
25/06/2024;14:00;42
25/06/2024;15:00;36
25/06/2024;16:00;30
25/06/2024;17:00;36
25/06/2024;18:00;35
25/06/2024;19:00;37
25/06/2024;20:00;38
25/06/2024;21:00;38
25/06/2024;22:00;53
25/06/2024;23:00;44
25/06/2024;24:00;48
26/06/2024;01:00;44
26/06/2024;02:00;31
26/06/2024;03:00;35
26/06/2024;04:00;33
26/06/2024;05:00;32
26/06/2024;06:00;29
26/06/2024;07:00;36
26/06/2024;08:00;35
26/06/2024;09:00;36
26/06/2024;10:00;39
26/06/2024;11:00;34
26/06/2024;12:00;50
26/06/2024;13:00;49
26/06/2024;14:00;50
26/06/2024;15:00;50
26/06/2024;16:00;38
26/06/2024;17:00;42
26/06/2024;18:00;34
26/06/2024;19:00;36
26/06/2024;20:00;45
26/06/2024;21:00;46
26/06/2024;22:00;42
26/06/2024;23:00;34
26/06/2024;24:00;35
27/06/2024;01:00;31
27/06/2024;02:00;32
27/06/2024;03:00;29
27/06/2024;04:00;30
27/06/2024;05:00;33
27/06/2024;06:00;25
27/06/2024;07:00;29
27/06/2024;08:00;23
27/06/2024;09:00;19
27/06/2024;10:00;22
27/06/2024;11:00;21
27/06/2024;12:00;27
27/06/2024;13:00;16
27/06/2024;14:00;20
27/06/2024;15:00;25
27/06/2024;16:00;22
27/06/2024;17:00;28
27/06/2024;18:00;26
27/06/2024;19:00;32
27/06/2024;20:00;38
27/06/2024;21:00;30
27/06/2024;22:00;40
27/06/2024;23:00;45
27/06/2024;24:00;48
28/06/2024;01:00;40
28/06/2024;02:00;46
28/06/2024;03:00;39
28/06/2024;04:00;37
28/06/2024;05:00;39
28/06/2024;06:00;33
28/06/2024;07:00;25
28/06/2024;08:00;33
28/06/2024;09:00;32
28/06/2024;10:00;40
28/06/2024;11:00;36
28/06/2024;12:00;26
28/06/2024;13:00;25
28/06/2024;14:00;32
28/06/2024;15:00;32
28/06/2024;16:00;32
28/06/2024;17:00;39
28/06/2024;18:00;31
28/06/2024;19:00;42
28/06/2024;20:00;48
28/06/2024;21:00;45
28/06/2024;22:00;46
28/06/2024;23:00;44
28/06/2024;24:00;47
29/06/2024;01:00;34
29/06/2024;02:00;34
29/06/2024;03:00;30
29/06/2024;04:00;32
29/06/2024;05:00;21
29/06/2024;06:00;23
29/06/2024;07:00;34
29/06/2024;08:00;31
29/06/2024;09:00;27
29/06/2024;10:00;47
29/06/2024;11:00;43
29/06/2024;12:00;45
29/06/2024;13:00;43
29/06/2024;14:00;37
29/06/2024;15:00;54
29/06/2024;16:00;44
29/06/2024;17:00;51
29/06/2024;18:00;43
29/06/2024;19:00;38
29/06/2024;20:00;35
29/06/2024;21:00;35
29/06/2024;22:00;28
29/06/2024;23:00;23
29/06/2024;24:00;22
30/06/2024;01:00;22
30/06/2024;02:00;24
30/06/2024;03:00;29
30/06/2024;04:00;25
30/06/2024;05:00;18
30/06/2024;06:00;25
30/06/2024;07:00;25
30/06/2024;08:00;28
30/06/2024;09:00;25
30/06/2024;10:00;11
30/06/2024;11:00;14
30/06/2024;12:00;21
30/06/2024;13:00;21
30/06/2024;14:00;20
30/06/2024;15:00;19
30/06/2024;16:00;15
30/06/2024;17:00;18
30/06/2024;18:00;10
30/06/2024;19:00;22
30/06/2024;20:00;17
30/06/2024;21:00;13
30/06/2024;22:00;11
30/06/2024;23:00;15
30/06/2024;24:00;14
01/07/2024;01:00;21
01/07/2024;02:00;22
01/07/2024;03:00;19
01/07/2024;04:00;20
01/07/2024;05:00;24
01/07/2024;06:00;23
01/07/2024;07:00;25
01/07/2024;08:00;21
01/07/2024;09:00;19
01/07/2024;10:00;15
01/07/2024;11:00;15
01/07/2024;12:00;11
01/07/2024;13:00;10
01/07/2024;14:00;13
01/07/2024;15:00;11
01/07/2024;16:00;7
01/07/2024;17:00;12
01/07/2024;18:00;12
01/07/2024;19:00;20
01/07/2024;20:00;7
01/07/2024;21:00;18
01/07/2024;22:00;11
01/07/2024;23:00;25
01/07/2024;24:00;32
02/07/2024;01:00;12
02/07/2024;02:00;11
02/07/2024;03:00;14
02/07/2024;04:00;15
02/07/2024;05:00;11
02/07/2024;06:00;15
02/07/2024;07:00;18
02/07/2024;08:00;9
02/07/2024;09:00;11
02/07/2024;10:00;
02/07/2024;11:00;14
02/07/2024;12:00;8
02/07/2024;13:00;18
02/07/2024;14:00;4
02/07/2024;15:00;
02/07/2024;16:00;
02/07/2024;17:00;
02/07/2024;18:00;28
02/07/2024;19:00;42
02/07/2024;20:00;24
02/07/2024;21:00;23
02/07/2024;22:00;25
02/07/2024;23:00;41
02/07/2024;24:00;36
03/07/2024;01:00;18
03/07/2024;02:00;14
03/07/2024;03:00;15
03/07/2024;04:00;17
03/07/2024;05:00;16
03/07/2024;06:00;14
03/07/2024;07:00;21
03/07/2024;08:00;25
03/07/2024;09:00;26
03/07/2024;10:00;29
03/07/2024;11:00;32
03/07/2024;12:00;33
03/07/2024;13:00;33
03/07/2024;14:00;31
03/07/2024;15:00;30
03/07/2024;16:00;33
03/07/2024;17:00;26
03/07/2024;18:00;31
03/07/2024;19:00;49
03/07/2024;20:00;49
03/07/2024;21:00;44
03/07/2024;22:00;46
03/07/2024;23:00;43
03/07/2024;24:00;42
04/07/2024;01:00;34
04/07/2024;02:00;35
04/07/2024;03:00;38
04/07/2024;04:00;33
04/07/2024;05:00;32
04/07/2024;06:00;30
04/07/2024;07:00;31
04/07/2024;08:00;34
04/07/2024;09:00;44
04/07/2024;10:00;45
04/07/2024;11:00;43
04/07/2024;12:00;44
04/07/2024;13:00;34
04/07/2024;14:00;34
04/07/2024;15:00;29
04/07/2024;16:00;22
04/07/2024;17:00;31
04/07/2024;18:00;24
04/07/2024;19:00;44
04/07/2024;20:00;51
04/07/2024;21:00;49
04/07/2024;22:00;57
04/07/2024;23:00;51
04/07/2024;24:00;53
05/07/2024;01:00;48
05/07/2024;02:00;38
05/07/2024;03:00;40
05/07/2024;04:00;32
05/07/2024;05:00;34
05/07/2024;06:00;32
05/07/2024;07:00;40
05/07/2024;08:00;42
05/07/2024;09:00;55
05/07/2024;10:00;44
05/07/2024;11:00;49
05/07/2024;12:00;56
05/07/2024;13:00;48
05/07/2024;14:00;46
05/07/2024;15:00;39
05/07/2024;16:00;39
05/07/2024;17:00;30
05/07/2024;18:00;34
05/07/2024;19:00;51
05/07/2024;20:00;47
05/07/2024;21:00;44
05/07/2024;22:00;44
05/07/2024;23:00;42
05/07/2024;24:00;35
06/07/2024;01:00;36
06/07/2024;02:00;46
06/07/2024;03:00;39
06/07/2024;04:00;29
06/07/2024;05:00;40
06/07/2024;06:00;41
06/07/2024;07:00;46
06/07/2024;08:00;38
06/07/2024;09:00;32
06/07/2024;10:00;57
06/07/2024;11:00;55
06/07/2024;12:00;50
06/07/2024;13:00;47
06/07/2024;14:00;49
06/07/2024;15:00;40
06/07/2024;16:00;39
06/07/2024;17:00;32
06/07/2024;18:00;37
06/07/2024;19:00;35
06/07/2024;20:00;38
06/07/2024;21:00;38
06/07/2024;22:00;50
06/07/2024;23:00;39
06/07/2024;24:00;33
07/07/2024;01:00;42
07/07/2024;02:00;39
07/07/2024;03:00;51
07/07/2024;04:00;50
07/07/2024;05:00;46
07/07/2024;06:00;52
07/07/2024;07:00;49
07/07/2024;08:00;47
07/07/2024;09:00;42
07/07/2024;10:00;51
07/07/2024;11:00;55
07/07/2024;12:00;56
07/07/2024;13:00;57
07/07/2024;14:00;46
07/07/2024;15:00;54
07/07/2024;16:00;38
07/07/2024;17:00;41
07/07/2024;18:00;39
07/07/2024;19:00;45
07/07/2024;20:00;37
07/07/2024;21:00;43
07/07/2024;22:00;42
07/07/2024;23:00;40
07/07/2024;24:00;49
08/07/2024;01:00;47
08/07/2024;02:00;46
08/07/2024;03:00;44
08/07/2024;04:00;44
08/07/2024;05:00;44
08/07/2024;06:00;39
08/07/2024;07:00;37
08/07/2024;08:00;39
08/07/2024;09:00;35
08/07/2024;10:00;20
08/07/2024;11:00;17
08/07/2024;12:00;25
08/07/2024;13:00;28
08/07/2024;14:00;28
08/07/2024;15:00;33
08/07/2024;16:00;30
08/07/2024;17:00;24
08/07/2024;18:00;7
08/07/2024;19:00;3
08/07/2024;20:00;3
08/07/2024;21:00;3
08/07/2024;22:00;4
08/07/2024;23:00;5
08/07/2024;24:00;11
09/07/2024;01:00;
09/07/2024;02:00;
09/07/2024;03:00;
09/07/2024;04:00;
09/07/2024;05:00;
09/07/2024;06:00;
09/07/2024;07:00;
09/07/2024;08:00;
09/07/2024;09:00;
09/07/2024;10:00;
09/07/2024;11:00;
09/07/2024;12:00;
09/07/2024;13:00;
09/07/2024;14:00;
09/07/2024;15:00;
09/07/2024;16:00;
09/07/2024;17:00;
09/07/2024;18:00;
09/07/2024;19:00;
09/07/2024;20:00;
09/07/2024;21:00;
09/07/2024;22:00;
09/07/2024;23:00;
09/07/2024;24:00;
10/07/2024;01:00;5
10/07/2024;02:00;1
10/07/2024;03:00;2
10/07/2024;04:00;3
10/07/2024;05:00;3
10/07/2024;06:00;2
10/07/2024;07:00;8
10/07/2024;08:00;4
10/07/2024;09:00;5
10/07/2024;10:00;7
10/07/2024;11:00;4
10/07/2024;12:00;2
10/07/2024;13:00;7
10/07/2024;14:00;7
10/07/2024;15:00;3
10/07/2024;16:00;6
10/07/2024;17:00;9
10/07/2024;18:00;4
10/07/2024;19:00;5
10/07/2024;20:00;4
10/07/2024;21:00;5
10/07/2024;22:00;5
10/07/2024;23:00;7
10/07/2024;24:00;3
11/07/2024;01:00;8
11/07/2024;02:00;6
11/07/2024;03:00;1
11/07/2024;04:00;1
11/07/2024;05:00;5
11/07/2024;06:00;9
11/07/2024;07:00;7
11/07/2024;08:00;9
11/07/2024;09:00;8
11/07/2024;10:00;8
11/07/2024;11:00;17
11/07/2024;12:00;21
11/07/2024;13:00;22
11/07/2024;14:00;26
11/07/2024;15:00;31
11/07/2024;16:00;35
11/07/2024;17:00;40
11/07/2024;18:00;29
11/07/2024;19:00;42
11/07/2024;20:00;33
11/07/2024;21:00;27
11/07/2024;22:00;29
11/07/2024;23:00;25
11/07/2024;24:00;27
12/07/2024;01:00;18
12/07/2024;02:00;15
12/07/2024;03:00;15
12/07/2024;04:00;13
12/07/2024;05:00;16
12/07/2024;06:00;13
12/07/2024;07:00;13
12/07/2024;08:00;12
12/07/2024;09:00;20
12/07/2024;10:00;12
12/07/2024;11:00;21
12/07/2024;12:00;20
12/07/2024;13:00;17
12/07/2024;14:00;21
12/07/2024;15:00;26
12/07/2024;16:00;26
12/07/2024;17:00;20
12/07/2024;18:00;21
12/07/2024;19:00;22
12/07/2024;20:00;25
12/07/2024;21:00;21
12/07/2024;22:00;17
12/07/2024;23:00;18
12/07/2024;24:00;16
13/07/2024;01:00;16
13/07/2024;02:00;15
13/07/2024;03:00;13
13/07/2024;04:00;12
13/07/2024;05:00;12
13/07/2024;06:00;8
13/07/2024;07:00;11
13/07/2024;08:00;5
13/07/2024;09:00;3
13/07/2024;10:00;11
13/07/2024;11:00;14
13/07/2024;12:00;12
13/07/2024;13:00;20
13/07/2024;14:00;24
13/07/2024;15:00;26
13/07/2024;16:00;30
13/07/2024;17:00;34
13/07/2024;18:00;42
13/07/2024;19:00;27
13/07/2024;20:00;22
13/07/2024;21:00;19
13/07/2024;22:00;14
13/07/2024;23:00;12
13/07/2024;24:00;20
14/07/2024;01:00;10
14/07/2024;02:00;3
14/07/2024;03:00;12
14/07/2024;04:00;9
14/07/2024;05:00;12
14/07/2024;06:00;7
14/07/2024;07:00;11
14/07/2024;08:00;9
14/07/2024;09:00;8
14/07/2024;10:00;9
14/07/2024;11:00;7
14/07/2024;12:00;7
14/07/2024;13:00;15
14/07/2024;14:00;12
14/07/2024;15:00;26
14/07/2024;16:00;3
14/07/2024;17:00;25
14/07/2024;18:00;22
14/07/2024;19:00;25
14/07/2024;20:00;17
14/07/2024;21:00;22
14/07/2024;22:00;12
14/07/2024;23:00;10
14/07/2024;24:00;11
15/07/2024;01:00;13
15/07/2024;02:00;8
15/07/2024;03:00;10
15/07/2024;04:00;10
15/07/2024;05:00;8
15/07/2024;06:00;11
15/07/2024;07:00;12
15/07/2024;08:00;17
15/07/2024;09:00;9
15/07/2024;10:00;10
15/07/2024;11:00;27
15/07/2024;12:00;26
15/07/2024;13:00;28
15/07/2024;14:00;31
15/07/2024;15:00;28
15/07/2024;16:00;23
15/07/2024;17:00;25
15/07/2024;18:00;31
15/07/2024;19:00;24
15/07/2024;20:00;27
15/07/2024;21:00;29
15/07/2024;22:00;24
15/07/2024;23:00;25
15/07/2024;24:00;20
16/07/2024;01:00;27
16/07/2024;02:00;20
16/07/2024;03:00;20
16/07/2024;04:00;14
16/07/2024;05:00;17
16/07/2024;06:00;9
16/07/2024;07:00;11
16/07/2024;08:00;13
16/07/2024;09:00;14
16/07/2024;10:00;16
16/07/2024;11:00;17
16/07/2024;12:00;28
16/07/2024;13:00;24
16/07/2024;14:00;35
16/07/2024;15:00;31
16/07/2024;16:00;34
16/07/2024;17:00;31
16/07/2024;18:00;35
16/07/2024;19:00;44
16/07/2024;20:00;53
16/07/2024;21:00;43
16/07/2024;22:00;40
16/07/2024;23:00;40
16/07/2024;24:00;42
17/07/2024;01:00;35
17/07/2024;02:00;40
17/07/2024;03:00;39
17/07/2024;04:00;30
17/07/2024;05:00;18
17/07/2024;06:00;4
17/07/2024;07:00;16
17/07/2024;08:00;15
17/07/2024;09:00;14
17/07/2024;10:00;12
17/07/2024;11:00;18
17/07/2024;12:00;28
17/07/2024;13:00;33
17/07/2024;14:00;28
17/07/2024;15:00;31
17/07/2024;16:00;33
17/07/2024;17:00;32
17/07/2024;18:00;31
17/07/2024;19:00;39
17/07/2024;20:00;36
17/07/2024;21:00;40
17/07/2024;22:00;51
17/07/2024;23:00;41
17/07/2024;24:00;43
18/07/2024;01:00;33
18/07/2024;02:00;31
18/07/2024;03:00;26
18/07/2024;04:00;27
18/07/2024;05:00;28
18/07/2024;06:00;37
18/07/2024;07:00;38
18/07/2024;08:00;37
18/07/2024;09:00;32
18/07/2024;10:00;44
18/07/2024;11:00;39
18/07/2024;12:00;28
18/07/2024;13:00;29
18/07/2024;14:00;27
18/07/2024;15:00;21
18/07/2024;16:00;24
18/07/2024;17:00;23
18/07/2024;18:00;27
18/07/2024;19:00;34
18/07/2024;20:00;38
18/07/2024;21:00;39
18/07/2024;22:00;32
18/07/2024;23:00;24
18/07/2024;24:00;26
19/07/2024;01:00;31
19/07/2024;02:00;28
19/07/2024;03:00;25
19/07/2024;04:00;22
19/07/2024;05:00;28
19/07/2024;06:00;30
19/07/2024;07:00;20
19/07/2024;08:00;27
19/07/2024;09:00;30
19/07/2024;10:00;33
19/07/2024;11:00;33
19/07/2024;12:00;34
19/07/2024;13:00;32
19/07/2024;14:00;34
19/07/2024;15:00;36
19/07/2024;16:00;33
19/07/2024;17:00;33
19/07/2024;18:00;36
19/07/2024;19:00;40
19/07/2024;20:00;44
19/07/2024;21:00;41
19/07/2024;22:00;33
19/07/2024;23:00;34
19/07/2024;24:00;32
20/07/2024;01:00;34
20/07/2024;02:00;23
20/07/2024;03:00;22
20/07/2024;04:00;18
20/07/2024;05:00;25
20/07/2024;06:00;26
20/07/2024;07:00;24
20/07/2024;08:00;31
20/07/2024;09:00;22
20/07/2024;10:00;32
20/07/2024;11:00;34
20/07/2024;12:00;22
20/07/2024;13:00;22
20/07/2024;14:00;46
20/07/2024;15:00;49
20/07/2024;16:00;44
20/07/2024;17:00;38
20/07/2024;18:00;34
20/07/2024;19:00;38
20/07/2024;20:00;29
20/07/2024;21:00;32
20/07/2024;22:00;33
20/07/2024;23:00;31
20/07/2024;24:00;34
21/07/2024;01:00;32
21/07/2024;02:00;27
21/07/2024;03:00;27
21/07/2024;04:00;26
21/07/2024;05:00;28
21/07/2024;06:00;24
21/07/2024;07:00;25
21/07/2024;08:00;29
21/07/2024;09:00;24
21/07/2024;10:00;24
21/07/2024;11:00;37
21/07/2024;12:00;28
21/07/2024;13:00;40
21/07/2024;14:00;38
21/07/2024;15:00;41
21/07/2024;16:00;33
21/07/2024;17:00;41
21/07/2024;18:00;40
21/07/2024;19:00;47
21/07/2024;20:00;43
21/07/2024;21:00;40
21/07/2024;22:00;41
21/07/2024;23:00;43
21/07/2024;24:00;42
22/07/2024;01:00;45
22/07/2024;02:00;44
22/07/2024;03:00;40
22/07/2024;04:00;43
22/07/2024;05:00;41
22/07/2024;06:00;44
22/07/2024;07:00;33
22/07/2024;08:00;37
22/07/2024;09:00;42
22/07/2024;10:00;40
22/07/2024;11:00;45
22/07/2024;12:00;110
22/07/2024;13:00;48
22/07/2024;14:00;35
22/07/2024;15:00;34
22/07/2024;16:00;33
22/07/2024;17:00;40
22/07/2024;18:00;40
22/07/2024;19:00;52
22/07/2024;20:00;41
22/07/2024;21:00;41
22/07/2024;22:00;38
22/07/2024;23:00;36
22/07/2024;24:00;48
23/07/2024;01:00;41
23/07/2024;02:00;42
23/07/2024;03:00;40
23/07/2024;04:00;45
23/07/2024;05:00;37
23/07/2024;06:00;38
23/07/2024;07:00;34
23/07/2024;08:00;35
23/07/2024;09:00;34
23/07/2024;10:00;28
23/07/2024;11:00;31
23/07/2024;12:00;29
23/07/2024;13:00;31
23/07/2024;14:00;37
23/07/2024;15:00;35
23/07/2024;16:00;38
23/07/2024;17:00;42
23/07/2024;18:00;39
23/07/2024;19:00;45
23/07/2024;20:00;51
23/07/2024;21:00;41
23/07/2024;22:00;37
23/07/2024;23:00;41
23/07/2024;24:00;41
24/07/2024;01:00;45
24/07/2024;02:00;45
24/07/2024;03:00;41
24/07/2024;04:00;35
24/07/2024;05:00;36
24/07/2024;06:00;35
24/07/2024;07:00;48
24/07/2024;08:00;47
24/07/2024;09:00;51
24/07/2024;10:00;48
24/07/2024;11:00;50
24/07/2024;12:00;48
24/07/2024;13:00;46
24/07/2024;14:00;47
24/07/2024;15:00;47
24/07/2024;16:00;52
24/07/2024;17:00;41
24/07/2024;18:00;45
24/07/2024;19:00;53
24/07/2024;20:00;49
24/07/2024;21:00;48
24/07/2024;22:00;43
24/07/2024;23:00;50
24/07/2024;24:00;46
25/07/2024;01:00;44
25/07/2024;02:00;40
25/07/2024;03:00;35
25/07/2024;04:00;34
25/07/2024;05:00;41
25/07/2024;06:00;31
25/07/2024;07:00;46
25/07/2024;08:00;52
25/07/2024;09:00;50
25/07/2024;10:00;57
25/07/2024;11:00;70
25/07/2024;12:00;57
25/07/2024;13:00;60
25/07/2024;14:00;50
25/07/2024;15:00;47
25/07/2024;16:00;33
25/07/2024;17:00;33
25/07/2024;18:00;37
25/07/2024;19:00;38
25/07/2024;20:00;40
25/07/2024;21:00;36
25/07/2024;22:00;36
25/07/2024;23:00;37
25/07/2024;24:00;34
26/07/2024;01:00;33
26/07/2024;02:00;35
26/07/2024;03:00;39
26/07/2024;04:00;41
26/07/2024;05:00;37
26/07/2024;06:00;39
26/07/2024;07:00;39
26/07/2024;08:00;42
26/07/2024;09:00;47
26/07/2024;10:00;60
26/07/2024;11:00;63
26/07/2024;12:00;48
26/07/2024;13:00;54
26/07/2024;14:00;43
26/07/2024;15:00;34
26/07/2024;16:00;41
26/07/2024;17:00;36
26/07/2024;18:00;40
26/07/2024;19:00;47
26/07/2024;20:00;70
26/07/2024;21:00;74
26/07/2024;22:00;67
26/07/2024;23:00;66
26/07/2024;24:00;72
27/07/2024;01:00;59
27/07/2024;02:00;57
27/07/2024;03:00;48
27/07/2024;04:00;47
27/07/2024;05:00;41
27/07/2024;06:00;50
27/07/2024;07:00;46
27/07/2024;08:00;53
27/07/2024;09:00;57
27/07/2024;10:00;58
27/07/2024;11:00;61
27/07/2024;12:00;62
27/07/2024;13:00;60
27/07/2024;14:00;57
27/07/2024;15:00;37
27/07/2024;16:00;47
27/07/2024;17:00;44
27/07/2024;18:00;45
27/07/2024;19:00;48
27/07/2024;20:00;45
27/07/2024;21:00;45
27/07/2024;22:00;42
27/07/2024;23:00;52
27/07/2024;24:00;51
28/07/2024;01:00;49
28/07/2024;02:00;49
28/07/2024;03:00;47
28/07/2024;04:00;48
28/07/2024;05:00;51
28/07/2024;06:00;45
28/07/2024;07:00;51
28/07/2024;08:00;46
28/07/2024;09:00;47
28/07/2024;10:00;54
28/07/2024;11:00;58
28/07/2024;12:00;55
28/07/2024;13:00;58
28/07/2024;14:00;54
28/07/2024;15:00;41
28/07/2024;16:00;36
28/07/2024;17:00;40
28/07/2024;18:00;39
28/07/2024;19:00;43
28/07/2024;20:00;41
28/07/2024;21:00;54
28/07/2024;22:00;56
28/07/2024;23:00;52
28/07/2024;24:00;53
29/07/2024;01:00;48
29/07/2024;02:00;45
29/07/2024;03:00;42
29/07/2024;04:00;39
29/07/2024;05:00;49
29/07/2024;06:00;59
29/07/2024;07:00;54
29/07/2024;08:00;69
29/07/2024;09:00;54
29/07/2024;10:00;63
29/07/2024;11:00;56
29/07/2024;12:00;58
29/07/2024;13:00;54
29/07/2024;14:00;54
29/07/2024;15:00;45
29/07/2024;16:00;67
29/07/2024;17:00;50
29/07/2024;18:00;50
29/07/2024;19:00;52
29/07/2024;20:00;34
29/07/2024;21:00;28
29/07/2024;22:00;26
29/07/2024;23:00;24
29/07/2024;24:00;30
30/07/2024;01:00;19
30/07/2024;02:00;25
30/07/2024;03:00;21
30/07/2024;04:00;22
30/07/2024;05:00;21
30/07/2024;06:00;31
30/07/2024;07:00;24
30/07/2024;08:00;23
30/07/2024;09:00;25
30/07/2024;10:00;29
30/07/2024;11:00;17
30/07/2024;12:00;19
30/07/2024;13:00;20
30/07/2024;14:00;21
30/07/2024;15:00;27
30/07/2024;16:00;25
30/07/2024;17:00;22
30/07/2024;18:00;26
30/07/2024;19:00;29
30/07/2024;20:00;32
30/07/2024;21:00;25
30/07/2024;22:00;39
30/07/2024;23:00;30
30/07/2024;24:00;26
31/07/2024;01:00;25
31/07/2024;02:00;24
31/07/2024;03:00;18
31/07/2024;04:00;14
31/07/2024;05:00;13
31/07/2024;06:00;13
31/07/2024;07:00;9
31/07/2024;08:00;13
31/07/2024;09:00;12
31/07/2024;10:00;12
31/07/2024;11:00;21
31/07/2024;12:00;26
31/07/2024;13:00;32
31/07/2024;14:00;38
31/07/2024;15:00;35
31/07/2024;16:00;44
31/07/2024;17:00;64
31/07/2024;18:00;42
31/07/2024;19:00;51
31/07/2024;20:00;56
31/07/2024;21:00;63
31/07/2024;22:00;51
31/07/2024;23:00;52
31/07/2024;24:00;55
01/08/2024;01:00;50
01/08/2024;02:00;51
01/08/2024;03:00;36
01/08/2024;04:00;41
01/08/2024;05:00;44
01/08/2024;06:00;32
01/08/2024;07:00;30
01/08/2024;08:00;34
01/08/2024;09:00;38
01/08/2024;10:00;44
01/08/2024;11:00;58
01/08/2024;12:00;61
01/08/2024;13:00;64
01/08/2024;14:00;72
01/08/2024;15:00;65
01/08/2024;16:00;61
01/08/2024;17:00;54
01/08/2024;18:00;55
01/08/2024;19:00;53
01/08/2024;20:00;54
01/08/2024;21:00;57
01/08/2024;22:00;58
01/08/2024;23:00;49
01/08/2024;24:00;50
02/08/2024;01:00;47
02/08/2024;02:00;37
02/08/2024;03:00;33
02/08/2024;04:00;36
02/08/2024;05:00;32
02/08/2024;06:00;34
02/08/2024;07:00;34
02/08/2024;08:00;41
02/08/2024;09:00;54
02/08/2024;10:00;54
02/08/2024;11:00;53
02/08/2024;12:00;56
02/08/2024;13:00;51
02/08/2024;14:00;55
02/08/2024;15:00;32
02/08/2024;16:00;34
02/08/2024;17:00;34
02/08/2024;18:00;37
02/08/2024;19:00;48
02/08/2024;20:00;44
02/08/2024;21:00;57
02/08/2024;22:00;50
02/08/2024;23:00;48
02/08/2024;24:00;49
03/08/2024;01:00;49
03/08/2024;02:00;46
03/08/2024;03:00;42
03/08/2024;04:00;49
03/08/2024;05:00;45
03/08/2024;06:00;39
03/08/2024;07:00;30
03/08/2024;08:00;39
03/08/2024;09:00;37
03/08/2024;10:00;47
03/08/2024;11:00;50
03/08/2024;12:00;57
03/08/2024;13:00;65
03/08/2024;14:00;75
03/08/2024;15:00;65
03/08/2024;16:00;56
03/08/2024;17:00;45
03/08/2024;18:00;54
03/08/2024;19:00;65
03/08/2024;20:00;52
03/08/2024;21:00;41
03/08/2024;22:00;46
03/08/2024;23:00;41
03/08/2024;24:00;50
04/08/2024;01:00;54
04/08/2024;02:00;45
04/08/2024;03:00;44
04/08/2024;04:00;45
04/08/2024;05:00;50
04/08/2024;06:00;50
04/08/2024;07:00;51
04/08/2024;08:00;54
04/08/2024;09:00;58
04/08/2024;10:00;59
04/08/2024;11:00;48
04/08/2024;12:00;36
04/08/2024;13:00;31
04/08/2024;14:00;29
04/08/2024;15:00;23
04/08/2024;16:00;31
04/08/2024;17:00;35
04/08/2024;18:00;32
04/08/2024;19:00;35
04/08/2024;20:00;31
04/08/2024;21:00;32
04/08/2024;22:00;31
04/08/2024;23:00;31
04/08/2024;24:00;27
05/08/2024;01:00;32
05/08/2024;02:00;28
05/08/2024;03:00;32
05/08/2024;04:00;36
05/08/2024;05:00;32
05/08/2024;06:00;33
05/08/2024;07:00;33
05/08/2024;08:00;43
05/08/2024;09:00;36
05/08/2024;10:00;37
05/08/2024;11:00;38
05/08/2024;12:00;28
05/08/2024;13:00;36
05/08/2024;14:00;27
05/08/2024;15:00;24
05/08/2024;16:00;21
05/08/2024;17:00;23
05/08/2024;18:00;25
05/08/2024;19:00;30
05/08/2024;20:00;36
05/08/2024;21:00;36
05/08/2024;22:00;37
05/08/2024;23:00;49
05/08/2024;24:00;45
06/08/2024;01:00;36
06/08/2024;02:00;34
06/08/2024;03:00;29
06/08/2024;04:00;33
06/08/2024;05:00;30
06/08/2024;06:00;37
06/08/2024;07:00;29
06/08/2024;08:00;30
06/08/2024;09:00;35
06/08/2024;10:00;44
06/08/2024;11:00;38
06/08/2024;12:00;35
06/08/2024;13:00;32
06/08/2024;14:00;23
06/08/2024;15:00;37
06/08/2024;16:00;33
06/08/2024;17:00;30
06/08/2024;18:00;29
06/08/2024;19:00;35
06/08/2024;20:00;39
06/08/2024;21:00;42
06/08/2024;22:00;43
06/08/2024;23:00;37
06/08/2024;24:00;52
07/08/2024;01:00;35
07/08/2024;02:00;34
07/08/2024;03:00;28
07/08/2024;04:00;30
07/08/2024;05:00;33
07/08/2024;06:00;39
07/08/2024;07:00;34
07/08/2024;08:00;41
07/08/2024;09:00;47
07/08/2024;10:00;47
07/08/2024;11:00;60
07/08/2024;12:00;65
07/08/2024;13:00;51
07/08/2024;14:00;64
07/08/2024;15:00;90
07/08/2024;16:00;41
07/08/2024;17:00;35
07/08/2024;18:00;31
07/08/2024;19:00;44
07/08/2024;20:00;38
07/08/2024;21:00;51
07/08/2024;22:00;48
07/08/2024;23:00;43
07/08/2024;24:00;41
08/08/2024;01:00;43
08/08/2024;02:00;43
08/08/2024;03:00;41
08/08/2024;04:00;41
08/08/2024;05:00;37
08/08/2024;06:00;37
08/08/2024;07:00;42
08/08/2024;08:00;44
08/08/2024;09:00;60
08/08/2024;10:00;74
08/08/2024;11:00;78
08/08/2024;12:00;66
08/08/2024;13:00;57
08/08/2024;14:00;62
08/08/2024;15:00;75
08/08/2024;16:00;83
08/08/2024;17:00;66
08/08/2024;18:00;63
08/08/2024;19:00;60
08/08/2024;20:00;61
08/08/2024;21:00;81
08/08/2024;22:00;72
08/08/2024;23:00;56
08/08/2024;24:00;60
09/08/2024;01:00;49
09/08/2024;02:00;29
09/08/2024;03:00;17
09/08/2024;04:00;10
09/08/2024;05:00;9
09/08/2024;06:00;18
09/08/2024;07:00;6
09/08/2024;08:00;4
09/08/2024;09:00;3
09/08/2024;10:00;10
09/08/2024;11:00;1
09/08/2024;12:00;3
09/08/2024;13:00;12
09/08/2024;14:00;8
09/08/2024;15:00;5
09/08/2024;16:00;4
09/08/2024;17:00;19
09/08/2024;18:00;18
09/08/2024;19:00;12
09/08/2024;20:00;10
09/08/2024;21:00;6
09/08/2024;22:00;1
09/08/2024;23:00;2
09/08/2024;24:00;6
10/08/2024;01:00;11
10/08/2024;02:00;15
10/08/2024;03:00;10
10/08/2024;04:00;15
10/08/2024;05:00;26
10/08/2024;06:00;7
10/08/2024;07:00;11
10/08/2024;08:00;6
10/08/2024;09:00;10
10/08/2024;10:00;13
10/08/2024;11:00;9
10/08/2024;12:00;13
10/08/2024;13:00;15
10/08/2024;14:00;9
10/08/2024;15:00;17
10/08/2024;16:00;13
10/08/2024;17:00;10
10/08/2024;18:00;23
10/08/2024;19:00;18
10/08/2024;20:00;16
10/08/2024;21:00;9
10/08/2024;22:00;13
10/08/2024;23:00;21
10/08/2024;24:00;28
11/08/2024;01:00;19
11/08/2024;02:00;17
11/08/2024;03:00;13
11/08/2024;04:00;9
11/08/2024;05:00;12
11/08/2024;06:00;11
11/08/2024;07:00;9
11/08/2024;08:00;6
11/08/2024;09:00;6
11/08/2024;10:00;9
11/08/2024;11:00;11
11/08/2024;12:00;11
11/08/2024;13:00;12
11/08/2024;14:00;10
11/08/2024;15:00;13
11/08/2024;16:00;13
11/08/2024;17:00;11
11/08/2024;18:00;16
11/08/2024;19:00;13
11/08/2024;20:00;7
11/08/2024;21:00;14
11/08/2024;22:00;14
11/08/2024;23:00;19
11/08/2024;24:00;20
12/08/2024;01:00;14
12/08/2024;02:00;17
12/08/2024;03:00;9
12/08/2024;04:00;12
12/08/2024;05:00;11
12/08/2024;06:00;9
12/08/2024;07:00;11
12/08/2024;08:00;7
12/08/2024;09:00;13
12/08/2024;10:00;11
12/08/2024;11:00;14
12/08/2024;12:00;14
12/08/2024;13:00;16
12/08/2024;14:00;25
12/08/2024;15:00;24
12/08/2024;16:00;18
12/08/2024;17:00;31
12/08/2024;18:00;27
12/08/2024;19:00;32
12/08/2024;20:00;27
12/08/2024;21:00;21
12/08/2024;22:00;29
12/08/2024;23:00;46
12/08/2024;24:00;21
13/08/2024;01:00;18
13/08/2024;02:00;21
13/08/2024;03:00;19
13/08/2024;04:00;16
13/08/2024;05:00;21
13/08/2024;06:00;33
13/08/2024;07:00;17
13/08/2024;08:00;15
13/08/2024;09:00;27
13/08/2024;10:00;22
13/08/2024;11:00;23
13/08/2024;12:00;25
13/08/2024;13:00;25
13/08/2024;14:00;23
13/08/2024;15:00;21
13/08/2024;16:00;22
13/08/2024;17:00;23
13/08/2024;18:00;21
13/08/2024;19:00;31
13/08/2024;20:00;29
13/08/2024;21:00;27
13/08/2024;22:00;25
13/08/2024;23:00;27
13/08/2024;24:00;24
14/08/2024;01:00;28
14/08/2024;02:00;28
14/08/2024;03:00;21
14/08/2024;04:00;23
14/08/2024;05:00;22
14/08/2024;06:00;17
14/08/2024;07:00;22
14/08/2024;08:00;22
14/08/2024;09:00;18
14/08/2024;10:00;28
14/08/2024;11:00;22
14/08/2024;12:00;30
14/08/2024;13:00;24
14/08/2024;14:00;36
14/08/2024;15:00;30
14/08/2024;16:00;31
14/08/2024;17:00;26
14/08/2024;18:00;31
14/08/2024;19:00;40
14/08/2024;20:00;47
14/08/2024;21:00;39
14/08/2024;22:00;38
14/08/2024;23:00;34
14/08/2024;24:00;36
15/08/2024;01:00;40
15/08/2024;02:00;38
15/08/2024;03:00;40
15/08/2024;04:00;42
15/08/2024;05:00;40
15/08/2024;06:00;39
15/08/2024;07:00;38
15/08/2024;08:00;44
15/08/2024;09:00;43
15/08/2024;10:00;46
15/08/2024;11:00;47
15/08/2024;12:00;53
15/08/2024;13:00;43
15/08/2024;14:00;44
15/08/2024;15:00;39
15/08/2024;16:00;30
15/08/2024;17:00;35
15/08/2024;18:00;36
15/08/2024;19:00;51
15/08/2024;20:00;47
15/08/2024;21:00;47
15/08/2024;22:00;52
15/08/2024;23:00;38
15/08/2024;24:00;43
16/08/2024;01:00;48
16/08/2024;02:00;50
16/08/2024;03:00;46
16/08/2024;04:00;38
16/08/2024;05:00;41
16/08/2024;06:00;35
16/08/2024;07:00;39
16/08/2024;08:00;46
16/08/2024;09:00;45
16/08/2024;10:00;46
16/08/2024;11:00;60
16/08/2024;12:00;61
16/08/2024;13:00;56
16/08/2024;14:00;49
16/08/2024;15:00;46
16/08/2024;16:00;40
16/08/2024;17:00;39
16/08/2024;18:00;43
16/08/2024;19:00;49
16/08/2024;20:00;62
16/08/2024;21:00;67
16/08/2024;22:00;65
16/08/2024;23:00;64
16/08/2024;24:00;85
17/08/2024;01:00;48
17/08/2024;02:00;47
17/08/2024;03:00;49
17/08/2024;04:00;48
17/08/2024;05:00;45
17/08/2024;06:00;51
17/08/2024;07:00;46
17/08/2024;08:00;50
17/08/2024;09:00;49
17/08/2024;10:00;60
17/08/2024;11:00;64
17/08/2024;12:00;58
17/08/2024;13:00;54
17/08/2024;14:00;50
17/08/2024;15:00;50
17/08/2024;16:00;45
17/08/2024;17:00;48
17/08/2024;18:00;66
17/08/2024;19:00;59
17/08/2024;20:00;66
17/08/2024;21:00;70
17/08/2024;22:00;65
17/08/2024;23:00;57
17/08/2024;24:00;58
18/08/2024;01:00;58
18/08/2024;02:00;52
18/08/2024;03:00;48
18/08/2024;04:00;45
18/08/2024;05:00;46
18/08/2024;06:00;43
18/08/2024;07:00;50
18/08/2024;08:00;42
18/08/2024;09:00;44
18/08/2024;10:00;60
18/08/2024;11:00;56
18/08/2024;12:00;59
18/08/2024;13:00;57
18/08/2024;14:00;57
18/08/2024;15:00;65
18/08/2024;16:00;8
18/08/2024;17:00;35
18/08/2024;18:00;42
18/08/2024;19:00;45
18/08/2024;20:00;52
18/08/2024;21:00;50
18/08/2024;22:00;47
18/08/2024;23:00;41
18/08/2024;24:00;42
19/08/2024;01:00;49
19/08/2024;02:00;44
19/08/2024;03:00;49
19/08/2024;04:00;47
19/08/2024;05:00;45
19/08/2024;06:00;48
19/08/2024;07:00;48
19/08/2024;08:00;58
19/08/2024;09:00;50
19/08/2024;10:00;62
19/08/2024;11:00;65
19/08/2024;12:00;67
19/08/2024;13:00;78
19/08/2024;14:00;39
19/08/2024;15:00;69
19/08/2024;16:00;20
19/08/2024;17:00;36
19/08/2024;18:00;42
19/08/2024;19:00;50
19/08/2024;20:00;57
19/08/2024;21:00;65
19/08/2024;22:00;55
19/08/2024;23:00;52
19/08/2024;24:00;60
20/08/2024;01:00;47
20/08/2024;02:00;42
20/08/2024;03:00;40
20/08/2024;04:00;36
20/08/2024;05:00;71
20/08/2024;06:00;95
20/08/2024;07:00;47
20/08/2024;08:00;58
20/08/2024;09:00;61
20/08/2024;10:00;57
20/08/2024;11:00;87
20/08/2024;12:00;80
20/08/2024;13:00;78
20/08/2024;14:00;42
20/08/2024;15:00;35
20/08/2024;16:00;45
20/08/2024;17:00;41
20/08/2024;18:00;42
20/08/2024;19:00;56
20/08/2024;20:00;54
20/08/2024;21:00;56
20/08/2024;22:00;56
20/08/2024;23:00;50
20/08/2024;24:00;55
21/08/2024;01:00;52
21/08/2024;02:00;53
21/08/2024;03:00;58
21/08/2024;04:00;57
21/08/2024;05:00;55
21/08/2024;06:00;57
21/08/2024;07:00;71
21/08/2024;08:00;67
21/08/2024;09:00;53
21/08/2024;10:00;52
21/08/2024;11:00;68
21/08/2024;12:00;189
21/08/2024;13:00;64
21/08/2024;14:00;65
21/08/2024;15:00;61
21/08/2024;16:00;56
21/08/2024;17:00;64
21/08/2024;18:00;49
21/08/2024;19:00;61
21/08/2024;20:00;73
21/08/2024;21:00;61
21/08/2024;22:00;63
21/08/2024;23:00;60
21/08/2024;24:00;67
22/08/2024;01:00;61
22/08/2024;02:00;56
22/08/2024;03:00;55
22/08/2024;04:00;58
22/08/2024;05:00;51
22/08/2024;06:00;56
22/08/2024;07:00;53
22/08/2024;08:00;59
22/08/2024;09:00;63
22/08/2024;10:00;71
22/08/2024;11:00;67
22/08/2024;12:00;61
22/08/2024;13:00;68
22/08/2024;14:00;71
22/08/2024;15:00;53
22/08/2024;16:00;35
22/08/2024;17:00;29
22/08/2024;18:00;36
22/08/2024;19:00;37
22/08/2024;20:00;47
22/08/2024;21:00;44
22/08/2024;22:00;44
22/08/2024;23:00;47
22/08/2024;24:00;63
23/08/2024;01:00;64
23/08/2024;02:00;62
23/08/2024;03:00;58
23/08/2024;04:00;61
23/08/2024;05:00;52
23/08/2024;06:00;56
23/08/2024;07:00;58
23/08/2024;08:00;65
23/08/2024;09:00;72
23/08/2024;10:00;73
23/08/2024;11:00;62
23/08/2024;12:00;78
23/08/2024;13:00;110
23/08/2024;14:00;133
23/08/2024;15:00;170
23/08/2024;16:00;178
23/08/2024;17:00;
23/08/2024;18:00;
23/08/2024;19:00;
23/08/2024;20:00;
23/08/2024;21:00;
23/08/2024;22:00;
23/08/2024;23:00;
23/08/2024;24:00;
24/08/2024;01:00;
24/08/2024;02:00;
24/08/2024;03:00;
24/08/2024;04:00;
24/08/2024;05:00;
24/08/2024;06:00;
24/08/2024;07:00;
24/08/2024;08:00;
24/08/2024;09:00;
24/08/2024;10:00;
24/08/2024;11:00;
24/08/2024;12:00;
24/08/2024;13:00;
24/08/2024;14:00;
24/08/2024;15:00;
24/08/2024;16:00;
24/08/2024;17:00;
24/08/2024;18:00;
24/08/2024;19:00;
24/08/2024;20:00;
24/08/2024;21:00;
24/08/2024;22:00;
24/08/2024;23:00;
24/08/2024;24:00;
25/08/2024;01:00;
25/08/2024;02:00;
25/08/2024;03:00;
25/08/2024;04:00;
25/08/2024;05:00;
25/08/2024;06:00;
25/08/2024;07:00;
25/08/2024;08:00;
25/08/2024;09:00;
25/08/2024;10:00;
25/08/2024;11:00;
25/08/2024;12:00;
25/08/2024;13:00;
25/08/2024;14:00;
25/08/2024;15:00;
25/08/2024;16:00;
25/08/2024;17:00;
25/08/2024;18:00;
25/08/2024;19:00;
25/08/2024;20:00;
25/08/2024;21:00;
25/08/2024;22:00;
25/08/2024;23:00;
25/08/2024;24:00;
26/08/2024;01:00;
26/08/2024;02:00;
26/08/2024;03:00;
26/08/2024;04:00;
26/08/2024;05:00;
26/08/2024;06:00;
26/08/2024;07:00;
26/08/2024;08:00;
26/08/2024;09:00;
26/08/2024;10:00;
26/08/2024;11:00;
26/08/2024;12:00;
26/08/2024;13:00;
26/08/2024;14:00;
26/08/2024;15:00;
26/08/2024;16:00;
26/08/2024;17:00;
26/08/2024;18:00;
26/08/2024;19:00;
26/08/2024;20:00;
26/08/2024;21:00;
26/08/2024;22:00;
26/08/2024;23:00;
26/08/2024;24:00;
27/08/2024;01:00;
27/08/2024;02:00;
27/08/2024;03:00;
27/08/2024;04:00;
27/08/2024;05:00;
27/08/2024;06:00;
27/08/2024;07:00;
27/08/2024;08:00;
27/08/2024;09:00;
27/08/2024;10:00;
27/08/2024;11:00;
27/08/2024;12:00;
27/08/2024;13:00;
27/08/2024;14:00;
27/08/2024;15:00;
27/08/2024;16:00;
27/08/2024;17:00;
27/08/2024;18:00;
27/08/2024;19:00;
27/08/2024;20:00;102
27/08/2024;21:00;58
27/08/2024;22:00;37
27/08/2024;23:00;38
27/08/2024;24:00;37
28/08/2024;01:00;35
28/08/2024;02:00;25
28/08/2024;03:00;36
28/08/2024;04:00;24
28/08/2024;05:00;20
28/08/2024;06:00;17
28/08/2024;07:00;23
28/08/2024;08:00;20
28/08/2024;09:00;17
28/08/2024;10:00;19
28/08/2024;11:00;25
28/08/2024;12:00;23
28/08/2024;13:00;32
28/08/2024;14:00;39
28/08/2024;15:00;30
28/08/2024;16:00;34
28/08/2024;17:00;35
28/08/2024;18:00;36
28/08/2024;19:00;45
28/08/2024;20:00;51
28/08/2024;21:00;50
28/08/2024;22:00;44
28/08/2024;23:00;44
28/08/2024;24:00;66
29/08/2024;01:00;45
29/08/2024;02:00;40
29/08/2024;03:00;35
29/08/2024;04:00;33
29/08/2024;05:00;32
29/08/2024;06:00;31
29/08/2024;07:00;30
29/08/2024;08:00;32
29/08/2024;09:00;33
29/08/2024;10:00;39
29/08/2024;11:00;30
29/08/2024;12:00;42
29/08/2024;13:00;49
29/08/2024;14:00;47
29/08/2024;15:00;40
29/08/2024;16:00;44
29/08/2024;17:00;39
29/08/2024;18:00;44
29/08/2024;19:00;45
29/08/2024;20:00;55
29/08/2024;21:00;46
29/08/2024;22:00;40
29/08/2024;23:00;42
29/08/2024;24:00;39
30/08/2024;01:00;41
30/08/2024;02:00;39
30/08/2024;03:00;43
30/08/2024;04:00;44
30/08/2024;05:00;45
30/08/2024;06:00;50
30/08/2024;07:00;47
30/08/2024;08:00;53
30/08/2024;09:00;57
30/08/2024;10:00;62
30/08/2024;11:00;61
30/08/2024;12:00;53
30/08/2024;13:00;54
30/08/2024;14:00;53
30/08/2024;15:00;47
30/08/2024;16:00;42
30/08/2024;17:00;50
30/08/2024;18:00;46
30/08/2024;19:00;46
30/08/2024;20:00;55
30/08/2024;21:00;52
30/08/2024;22:00;55
30/08/2024;23:00;51
30/08/2024;24:00;62
31/08/2024;01:00;53
31/08/2024;02:00;55
31/08/2024;03:00;46
31/08/2024;04:00;44
31/08/2024;05:00;48
31/08/2024;06:00;48
31/08/2024;07:00;57
31/08/2024;08:00;53
31/08/2024;09:00;53
31/08/2024;10:00;71
31/08/2024;11:00;58
31/08/2024;12:00;66
31/08/2024;13:00;63
31/08/2024;14:00;39
31/08/2024;15:00;43
31/08/2024;16:00;35
31/08/2024;17:00;36
31/08/2024;18:00;42
31/08/2024;19:00;42
31/08/2024;20:00;38
31/08/2024;21:00;54
31/08/2024;22:00;51
31/08/2024;23:00;68
31/08/2024;24:00;78
01/09/2024;01:00;54
01/09/2024;02:00;47
01/09/2024;03:00;40
01/09/2024;04:00;44
01/09/2024;05:00;48
01/09/2024;06:00;56
01/09/2024;07:00;55
01/09/2024;08:00;49
01/09/2024;09:00;45
01/09/2024;10:00;52
01/09/2024;11:00;56
01/09/2024;12:00;57
01/09/2024;13:00;57
01/09/2024;14:00;51
01/09/2024;15:00;47
01/09/2024;16:00;47
01/09/2024;17:00;46
01/09/2024;18:00;55
01/09/2024;19:00;59
01/09/2024;20:00;59
01/09/2024;21:00;62
01/09/2024;22:00;63
01/09/2024;23:00;62
01/09/2024;24:00;63
02/09/2024;01:00;57
02/09/2024;02:00;58
02/09/2024;03:00;53
02/09/2024;04:00;49
02/09/2024;05:00;44
02/09/2024;06:00;48
02/09/2024;07:00;42
02/09/2024;08:00;38
02/09/2024;09:00;53
02/09/2024;10:00;55
02/09/2024;11:00;63
02/09/2024;12:00;72
02/09/2024;13:00;78
02/09/2024;14:00;69
02/09/2024;15:00;62
02/09/2024;16:00;51
02/09/2024;17:00;60
02/09/2024;18:00;57
02/09/2024;19:00;63
02/09/2024;20:00;72
02/09/2024;21:00;65
02/09/2024;22:00;50
02/09/2024;23:00;63
02/09/2024;24:00;71
03/09/2024;01:00;71
03/09/2024;02:00;74
03/09/2024;03:00;71
03/09/2024;04:00;72
03/09/2024;05:00;73
03/09/2024;06:00;73
03/09/2024;07:00;66
03/09/2024;08:00;73
03/09/2024;09:00;80
03/09/2024;10:00;98
03/09/2024;11:00;87
03/09/2024;12:00;89
03/09/2024;13:00;73
03/09/2024;14:00;55
03/09/2024;15:00;45
03/09/2024;16:00;53
03/09/2024;17:00;52
03/09/2024;18:00;49
03/09/2024;19:00;55
03/09/2024;20:00;57
03/09/2024;21:00;53
03/09/2024;22:00;56
03/09/2024;23:00;46
03/09/2024;24:00;63
04/09/2024;01:00;53
04/09/2024;02:00;35
04/09/2024;03:00;38
04/09/2024;04:00;44
04/09/2024;05:00;43
04/09/2024;06:00;92
04/09/2024;07:00;95
04/09/2024;08:00;123
04/09/2024;09:00;102
04/09/2024;10:00;120
04/09/2024;11:00;150
04/09/2024;12:00;104
04/09/2024;13:00;111
04/09/2024;14:00;94
04/09/2024;15:00;79
04/09/2024;16:00;71
04/09/2024;17:00;59
04/09/2024;18:00;57
04/09/2024;19:00;57
04/09/2024;20:00;86
04/09/2024;21:00;84
04/09/2024;22:00;61
04/09/2024;23:00;56
04/09/2024;24:00;58
05/09/2024;01:00;49
05/09/2024;02:00;51
05/09/2024;03:00;59
05/09/2024;04:00;63
05/09/2024;05:00;67
05/09/2024;06:00;60
05/09/2024;07:00;68
05/09/2024;08:00;80
05/09/2024;09:00;92
05/09/2024;10:00;93
05/09/2024;11:00;91
05/09/2024;12:00;87
05/09/2024;13:00;96
05/09/2024;14:00;106
05/09/2024;15:00;95
05/09/2024;16:00;72
05/09/2024;17:00;62
05/09/2024;18:00;55
05/09/2024;19:00;46
05/09/2024;20:00;54
05/09/2024;21:00;56
05/09/2024;22:00;48
05/09/2024;23:00;58
05/09/2024;24:00;49
06/09/2024;01:00;55
06/09/2024;02:00;53
06/09/2024;03:00;58
06/09/2024;04:00;61
06/09/2024;05:00;42
06/09/2024;06:00;32
06/09/2024;07:00;19
06/09/2024;08:00;18
06/09/2024;09:00;27
06/09/2024;10:00;34
06/09/2024;11:00;19
06/09/2024;12:00;32
06/09/2024;13:00;36
06/09/2024;14:00;49
06/09/2024;15:00;52
06/09/2024;16:00;56
06/09/2024;17:00;62
06/09/2024;18:00;75
06/09/2024;19:00;69
06/09/2024;20:00;74
06/09/2024;21:00;67
06/09/2024;22:00;62
06/09/2024;23:00;61
06/09/2024;24:00;44
07/09/2024;01:00;51
07/09/2024;02:00;42
07/09/2024;03:00;41
07/09/2024;04:00;39
07/09/2024;05:00;40
07/09/2024;06:00;31
07/09/2024;07:00;31
07/09/2024;08:00;27
07/09/2024;09:00;29
07/09/2024;10:00;38
07/09/2024;11:00;51
07/09/2024;12:00;63
07/09/2024;13:00;65
07/09/2024;14:00;86
07/09/2024;15:00;85
07/09/2024;16:00;89
07/09/2024;17:00;100
07/09/2024;18:00;89
07/09/2024;19:00;98
07/09/2024;20:00;83
07/09/2024;21:00;92
07/09/2024;22:00;85
07/09/2024;23:00;73
07/09/2024;24:00;80
08/09/2024;01:00;76
08/09/2024;02:00;68
08/09/2024;03:00;68
08/09/2024;04:00;66
08/09/2024;05:00;80
08/09/2024;06:00;75
08/09/2024;07:00;76
08/09/2024;08:00;86
08/09/2024;09:00;94
08/09/2024;10:00;99
08/09/2024;11:00;105
08/09/2024;12:00;92
08/09/2024;13:00;83
08/09/2024;14:00;73
08/09/2024;15:00;72
08/09/2024;16:00;72
08/09/2024;17:00;74
08/09/2024;18:00;71
08/09/2024;19:00;79
08/09/2024;20:00;86
08/09/2024;21:00;82
08/09/2024;22:00;81
08/09/2024;23:00;80
08/09/2024;24:00;69
09/09/2024;01:00;83
09/09/2024;02:00;82
09/09/2024;03:00;78
09/09/2024;04:00;79
09/09/2024;05:00;90
09/09/2024;06:00;90
09/09/2024;07:00;86
09/09/2024;08:00;105
09/09/2024;09:00;107
09/09/2024;10:00;107
09/09/2024;11:00;112
09/09/2024;12:00;92
09/09/2024;13:00;82
09/09/2024;14:00;85
09/09/2024;15:00;84
09/09/2024;16:00;80
09/09/2024;17:00;73
09/09/2024;18:00;86
09/09/2024;19:00;85
09/09/2024;20:00;95
09/09/2024;21:00;96
09/09/2024;22:00;103
09/09/2024;23:00;121
09/09/2024;24:00;122
10/09/2024;01:00;108
10/09/2024;02:00;105
10/09/2024;03:00;110
10/09/2024;04:00;115
10/09/2024;05:00;105
10/09/2024;06:00;99
10/09/2024;07:00;116
10/09/2024;08:00;114
10/09/2024;09:00;119
10/09/2024;10:00;119
10/09/2024;11:00;122
10/09/2024;12:00;104
10/09/2024;13:00;87
10/09/2024;14:00;69
10/09/2024;15:00;71
10/09/2024;16:00;78
10/09/2024;17:00;67
10/09/2024;18:00;75
10/09/2024;19:00;85
10/09/2024;20:00;84
10/09/2024;21:00;85
10/09/2024;22:00;76
10/09/2024;23:00;81
10/09/2024;24:00;95
11/09/2024;01:00;90
11/09/2024;02:00;90
11/09/2024;03:00;86
11/09/2024;04:00;89
11/09/2024;05:00;84
11/09/2024;06:00;85
11/09/2024;07:00;84
11/09/2024;08:00;82
11/09/2024;09:00;72
11/09/2024;10:00;74
11/09/2024;11:00;97
11/09/2024;12:00;70
11/09/2024;13:00;63
11/09/2024;14:00;80
11/09/2024;15:00;74
11/09/2024;16:00;93
11/09/2024;17:00;101
11/09/2024;18:00;86
11/09/2024;19:00;92
11/09/2024;20:00;112
11/09/2024;21:00;100
11/09/2024;22:00;97
11/09/2024;23:00;93
11/09/2024;24:00;88
12/09/2024;01:00;96
12/09/2024;02:00;93
12/09/2024;03:00;103
12/09/2024;04:00;119
12/09/2024;05:00;129
12/09/2024;06:00;121
12/09/2024;07:00;112
12/09/2024;08:00;89
12/09/2024;09:00;92
12/09/2024;10:00;88
12/09/2024;11:00;95
12/09/2024;12:00;93
12/09/2024;13:00;64
12/09/2024;14:00;80
12/09/2024;15:00;114
12/09/2024;16:00;126
12/09/2024;17:00;120
12/09/2024;18:00;105
12/09/2024;19:00;93
12/09/2024;20:00;90
12/09/2024;21:00;79
12/09/2024;22:00;78
12/09/2024;23:00;91
12/09/2024;24:00;89
13/09/2024;01:00;81
13/09/2024;02:00;73
13/09/2024;03:00;80
13/09/2024;04:00;96
13/09/2024;05:00;89
13/09/2024;06:00;85
13/09/2024;07:00;85
13/09/2024;08:00;92
13/09/2024;09:00;96
13/09/2024;10:00;82
13/09/2024;11:00;81
13/09/2024;12:00;69
13/09/2024;13:00;61
13/09/2024;14:00;84
13/09/2024;15:00;76
13/09/2024;16:00;84
13/09/2024;17:00;86
13/09/2024;18:00;70
13/09/2024;19:00;75
13/09/2024;20:00;90
13/09/2024;21:00;100
13/09/2024;22:00;99
13/09/2024;23:00;96
13/09/2024;24:00;79
14/09/2024;01:00;64
14/09/2024;02:00;83
14/09/2024;03:00;68
14/09/2024;04:00;67
14/09/2024;05:00;58
14/09/2024;06:00;80
14/09/2024;07:00;76
14/09/2024;08:00;73
14/09/2024;09:00;80
14/09/2024;10:00;92
14/09/2024;11:00;86
14/09/2024;12:00;99
14/09/2024;13:00;150
14/09/2024;14:00;237
14/09/2024;15:00;227
14/09/2024;16:00;154
14/09/2024;17:00;100
14/09/2024;18:00;79
14/09/2024;19:00;66
14/09/2024;20:00;80
14/09/2024;21:00;95
14/09/2024;22:00;58
14/09/2024;23:00;56
14/09/2024;24:00;71
15/09/2024;01:00;54
15/09/2024;02:00;52
15/09/2024;03:00;57
15/09/2024;04:00;49
15/09/2024;05:00;45
15/09/2024;06:00;46
15/09/2024;07:00;64
15/09/2024;08:00;76
15/09/2024;09:00;84
15/09/2024;10:00;79
15/09/2024;11:00;70
15/09/2024;12:00;40
15/09/2024;13:00;41
15/09/2024;14:00;31
15/09/2024;15:00;35
15/09/2024;16:00;28
15/09/2024;17:00;14
15/09/2024;18:00;14
15/09/2024;19:00;11
15/09/2024;20:00;10
15/09/2024;21:00;10
15/09/2024;22:00;6
15/09/2024;23:00;13
15/09/2024;24:00;11
16/09/2024;01:00;18
16/09/2024;02:00;21
16/09/2024;03:00;15
16/09/2024;04:00;17
16/09/2024;05:00;13
16/09/2024;06:00;23
16/09/2024;07:00;16
16/09/2024;08:00;13
16/09/2024;09:00;19
16/09/2024;10:00;15
16/09/2024;11:00;9
16/09/2024;12:00;10
16/09/2024;13:00;13
16/09/2024;14:00;14
16/09/2024;15:00;7
16/09/2024;16:00;14
16/09/2024;17:00;7
16/09/2024;18:00;15
16/09/2024;19:00;21
16/09/2024;20:00;16
16/09/2024;21:00;9
16/09/2024;22:00;10
16/09/2024;23:00;10
16/09/2024;24:00;20
17/09/2024;01:00;11
17/09/2024;02:00;16
17/09/2024;03:00;2
17/09/2024;04:00;0
17/09/2024;05:00;1
17/09/2024;06:00;4
17/09/2024;07:00;7
17/09/2024;08:00;0
17/09/2024;09:00;3
17/09/2024;10:00;1
17/09/2024;11:00;9
17/09/2024;12:00;12
17/09/2024;13:00;13
17/09/2024;14:00;19
17/09/2024;15:00;19
17/09/2024;16:00;13
17/09/2024;17:00;20
17/09/2024;18:00;12
17/09/2024;19:00;23
17/09/2024;20:00;16
17/09/2024;21:00;26
17/09/2024;22:00;27
17/09/2024;23:00;29
17/09/2024;24:00;24
18/09/2024;01:00;19
18/09/2024;02:00;20
18/09/2024;03:00;14
18/09/2024;04:00;15
18/09/2024;05:00;13
18/09/2024;06:00;15
18/09/2024;07:00;12
18/09/2024;08:00;9
18/09/2024;09:00;18
18/09/2024;10:00;28
18/09/2024;11:00;41
18/09/2024;12:00;42
18/09/2024;13:00;50
18/09/2024;14:00;75
18/09/2024;15:00;103
18/09/2024;16:00;90
18/09/2024;17:00;60
18/09/2024;18:00;58
18/09/2024;19:00;44
18/09/2024;20:00;32
18/09/2024;21:00;34
18/09/2024;22:00;27
18/09/2024;23:00;37
18/09/2024;24:00;35
19/09/2024;01:00;42
19/09/2024;02:00;31
19/09/2024;03:00;29
19/09/2024;04:00;22
19/09/2024;05:00;15
19/09/2024;06:00;26
19/09/2024;07:00;21
19/09/2024;08:00;22
19/09/2024;09:00;29
19/09/2024;10:00;33
19/09/2024;11:00;47
19/09/2024;12:00;49
19/09/2024;13:00;53
19/09/2024;14:00;57
19/09/2024;15:00;54
19/09/2024;16:00;60
19/09/2024;17:00;73
19/09/2024;18:00;69
19/09/2024;19:00;69
19/09/2024;20:00;52
19/09/2024;21:00;49
19/09/2024;22:00;68
19/09/2024;23:00;63
19/09/2024;24:00;59
20/09/2024;01:00;60
20/09/2024;02:00;63
20/09/2024;03:00;52
20/09/2024;04:00;50
20/09/2024;05:00;42
20/09/2024;06:00;57
20/09/2024;07:00;63
20/09/2024;08:00;54
20/09/2024;09:00;70
20/09/2024;10:00;85
20/09/2024;11:00;78
20/09/2024;12:00;80
20/09/2024;13:00;79
20/09/2024;14:00;64
20/09/2024;15:00;60
20/09/2024;16:00;56
20/09/2024;17:00;57
20/09/2024;18:00;81
20/09/2024;19:00;358
20/09/2024;20:00;147
20/09/2024;21:00;34
20/09/2024;22:00;22
20/09/2024;23:00;10
20/09/2024;24:00;16
21/09/2024;01:00;13
21/09/2024;02:00;16
21/09/2024;03:00;13
21/09/2024;04:00;15
21/09/2024;05:00;21
21/09/2024;06:00;10
21/09/2024;07:00;3
21/09/2024;08:00;9
21/09/2024;09:00;13
21/09/2024;10:00;8
21/09/2024;11:00;18
21/09/2024;12:00;11
21/09/2024;13:00;24
21/09/2024;14:00;15
21/09/2024;15:00;22
21/09/2024;16:00;18
21/09/2024;17:00;29
21/09/2024;18:00;22
21/09/2024;19:00;27
21/09/2024;20:00;25
21/09/2024;21:00;28
21/09/2024;22:00;34
21/09/2024;23:00;36
21/09/2024;24:00;43
22/09/2024;01:00;49
22/09/2024;02:00;35
22/09/2024;03:00;19
22/09/2024;04:00;20
22/09/2024;05:00;27
22/09/2024;06:00;23
22/09/2024;07:00;26
22/09/2024;08:00;21
22/09/2024;09:00;23
22/09/2024;10:00;26
22/09/2024;11:00;25
22/09/2024;12:00;31
22/09/2024;13:00;41
22/09/2024;14:00;37
22/09/2024;15:00;34
22/09/2024;16:00;42
22/09/2024;17:00;31
22/09/2024;18:00;36
22/09/2024;19:00;38
22/09/2024;20:00;42
22/09/2024;21:00;48
22/09/2024;22:00;50
22/09/2024;23:00;53
22/09/2024;24:00;51
23/09/2024;01:00;33
23/09/2024;02:00;44
23/09/2024;03:00;46
23/09/2024;04:00;53
23/09/2024;05:00;49
23/09/2024;06:00;51
23/09/2024;07:00;54
23/09/2024;08:00;60
23/09/2024;09:00;64
23/09/2024;10:00;57
23/09/2024;11:00;58
23/09/2024;12:00;51
23/09/2024;13:00;57
23/09/2024;14:00;64
23/09/2024;15:00;82
23/09/2024;16:00;87
23/09/2024;17:00;75
23/09/2024;18:00;68
23/09/2024;19:00;77
23/09/2024;20:00;75
23/09/2024;21:00;77
23/09/2024;22:00;67
23/09/2024;23:00;68
23/09/2024;24:00;70
24/09/2024;01:00;64
24/09/2024;02:00;67
24/09/2024;03:00;55
24/09/2024;04:00;62
24/09/2024;05:00;64
24/09/2024;06:00;67
24/09/2024;07:00;65
24/09/2024;08:00;68
24/09/2024;09:00;64
24/09/2024;10:00;61
24/09/2024;11:00;64
24/09/2024;12:00;55
24/09/2024;13:00;62
24/09/2024;14:00;48
24/09/2024;15:00;41
24/09/2024;16:00;27
24/09/2024;17:00;28
24/09/2024;18:00;38
24/09/2024;19:00;44
24/09/2024;20:00;55
24/09/2024;21:00;42
24/09/2024;22:00;40
24/09/2024;23:00;43
24/09/2024;24:00;53
25/09/2024;01:00;56
25/09/2024;02:00;51
25/09/2024;03:00;59
25/09/2024;04:00;52
25/09/2024;05:00;49
25/09/2024;06:00;43
25/09/2024;07:00;49
25/09/2024;08:00;56
25/09/2024;09:00;69
25/09/2024;10:00;70
25/09/2024;11:00;83
25/09/2024;12:00;80
25/09/2024;13:00;77
25/09/2024;14:00;59
25/09/2024;15:00;60
25/09/2024;16:00;52
25/09/2024;17:00;50
25/09/2024;18:00;53
25/09/2024;19:00;56
25/09/2024;20:00;56
25/09/2024;21:00;67
25/09/2024;22:00;62
25/09/2024;23:00;64
25/09/2024;24:00;65
26/09/2024;01:00;69
26/09/2024;02:00;72
26/09/2024;03:00;84
26/09/2024;04:00;87
26/09/2024;05:00;77
26/09/2024;06:00;81
26/09/2024;07:00;86
26/09/2024;08:00;79
26/09/2024;09:00;89
26/09/2024;10:00;88
26/09/2024;11:00;78
26/09/2024;12:00;108
26/09/2024;13:00;112
26/09/2024;14:00;101
26/09/2024;15:00;114
26/09/2024;16:00;112
26/09/2024;17:00;114
26/09/2024;18:00;124
26/09/2024;19:00;123
26/09/2024;20:00;164
26/09/2024;21:00;175
26/09/2024;22:00;74
26/09/2024;23:00;30
26/09/2024;24:00;44
27/09/2024;01:00;17
27/09/2024;02:00;8
27/09/2024;03:00;20
27/09/2024;04:00;27
27/09/2024;05:00;32
27/09/2024;06:00;37
27/09/2024;07:00;53
27/09/2024;08:00;56
27/09/2024;09:00;37
27/09/2024;10:00;30
27/09/2024;11:00;28
27/09/2024;12:00;29
27/09/2024;13:00;42
27/09/2024;14:00;30
27/09/2024;15:00;42
27/09/2024;16:00;28
27/09/2024;17:00;33
27/09/2024;18:00;16
27/09/2024;19:00;28
27/09/2024;20:00;22
27/09/2024;21:00;17
27/09/2024;22:00;25
27/09/2024;23:00;20
27/09/2024;24:00;28
28/09/2024;01:00;18
28/09/2024;02:00;17
28/09/2024;03:00;17
28/09/2024;04:00;20
28/09/2024;05:00;22
28/09/2024;06:00;18
28/09/2024;07:00;14
28/09/2024;08:00;21
28/09/2024;09:00;23
28/09/2024;10:00;21
28/09/2024;11:00;27
28/09/2024;12:00;22
28/09/2024;13:00;29
28/09/2024;14:00;28
28/09/2024;15:00;24
28/09/2024;16:00;16
28/09/2024;17:00;16
28/09/2024;18:00;24
28/09/2024;19:00;31
28/09/2024;20:00;34
28/09/2024;21:00;19
28/09/2024;22:00;24
28/09/2024;23:00;24
28/09/2024;24:00;24
29/09/2024;01:00;26
29/09/2024;02:00;27
29/09/2024;03:00;32
29/09/2024;04:00;35
29/09/2024;05:00;27
29/09/2024;06:00;18
29/09/2024;07:00;24
29/09/2024;08:00;24
29/09/2024;09:00;26
29/09/2024;10:00;27
29/09/2024;11:00;34
29/09/2024;12:00;33
29/09/2024;13:00;48
29/09/2024;14:00;86
29/09/2024;15:00;47
29/09/2024;16:00;53
29/09/2024;17:00;50
29/09/2024;18:00;55
29/09/2024;19:00;66
29/09/2024;20:00;59
29/09/2024;21:00;53
29/09/2024;22:00;41
29/09/2024;23:00;55
29/09/2024;24:00;55
30/09/2024;01:00;56
30/09/2024;02:00;61
30/09/2024;03:00;66
30/09/2024;04:00;57
30/09/2024;05:00;50
30/09/2024;06:00;38
30/09/2024;07:00;32
30/09/2024;08:00;29
30/09/2024;09:00;25
30/09/2024;10:00;39
30/09/2024;11:00;46
30/09/2024;12:00;57
30/09/2024;13:00;53
30/09/2024;14:00;66
30/09/2024;15:00;60
30/09/2024;16:00;42
30/09/2024;17:00;48
30/09/2024;18:00;41
30/09/2024;19:00;52
30/09/2024;20:00;63
30/09/2024;21:00;63
30/09/2024;22:00;60
30/09/2024;23:00;56
30/09/2024;24:00;53
01/10/2024;01:00;56
01/10/2024;02:00;56
01/10/2024;03:00;59
01/10/2024;04:00;54
01/10/2024;05:00;72
01/10/2024;06:00;69
01/10/2024;07:00;74
01/10/2024;08:00;77
01/10/2024;09:00;82
01/10/2024;10:00;77
01/10/2024;11:00;75
01/10/2024;12:00;77
01/10/2024;13:00;77
01/10/2024;14:00;61
01/10/2024;15:00;60
01/10/2024;16:00;79
01/10/2024;17:00;75
01/10/2024;18:00;75
01/10/2024;19:00;83
01/10/2024;20:00;95
01/10/2024;21:00;86
01/10/2024;22:00;96
01/10/2024;23:00;90
01/10/2024;24:00;82
02/10/2024;01:00;82
02/10/2024;02:00;76
02/10/2024;03:00;70
02/10/2024;04:00;52
02/10/2024;05:00;63
02/10/2024;06:00;40
02/10/2024;07:00;44
02/10/2024;08:00;45
02/10/2024;09:00;36
02/10/2024;10:00;57
02/10/2024;11:00;77
02/10/2024;12:00;79
02/10/2024;13:00;68
02/10/2024;14:00;72
02/10/2024;15:00;79
02/10/2024;16:00;83
02/10/2024;17:00;109
02/10/2024;18:00;101
02/10/2024;19:00;107
02/10/2024;20:00;97
02/10/2024;21:00;86
02/10/2024;22:00;88
02/10/2024;23:00;89
02/10/2024;24:00;98
03/10/2024;01:00;102
03/10/2024;02:00;99
03/10/2024;03:00;90
03/10/2024;04:00;60
03/10/2024;05:00;42
03/10/2024;06:00;36
03/10/2024;07:00;35
03/10/2024;08:00;34
03/10/2024;09:00;39
03/10/2024;10:00;39
03/10/2024;11:00;38
03/10/2024;12:00;42
03/10/2024;13:00;37
03/10/2024;14:00;48
03/10/2024;15:00;41
03/10/2024;16:00;44
03/10/2024;17:00;49
03/10/2024;18:00;50
03/10/2024;19:00;68
03/10/2024;20:00;55
03/10/2024;21:00;44
03/10/2024;22:00;53
03/10/2024;23:00;51
03/10/2024;24:00;50
04/10/2024;01:00;49
04/10/2024;02:00;43
04/10/2024;03:00;30
04/10/2024;04:00;22
04/10/2024;05:00;15
04/10/2024;06:00;15
04/10/2024;07:00;13
04/10/2024;08:00;10
04/10/2024;09:00;8
04/10/2024;10:00;29
04/10/2024;11:00;23
04/10/2024;12:00;18
04/10/2024;13:00;31
04/10/2024;14:00;43
04/10/2024;15:00;42
04/10/2024;16:00;42
04/10/2024;17:00;42
04/10/2024;18:00;46
04/10/2024;19:00;48
04/10/2024;20:00;45
04/10/2024;21:00;48
04/10/2024;22:00;69
04/10/2024;23:00;66
04/10/2024;24:00;64
05/10/2024;01:00;50
05/10/2024;02:00;27
05/10/2024;03:00;19
05/10/2024;04:00;22
05/10/2024;05:00;17
05/10/2024;06:00;14
05/10/2024;07:00;7
05/10/2024;08:00;3
05/10/2024;09:00;38
05/10/2024;10:00;30
05/10/2024;11:00;33
05/10/2024;12:00;30
05/10/2024;13:00;41
05/10/2024;14:00;34
05/10/2024;15:00;37
05/10/2024;16:00;24
05/10/2024;17:00;30
05/10/2024;18:00;39
05/10/2024;19:00;39
05/10/2024;20:00;27
05/10/2024;21:00;26
05/10/2024;22:00;24
05/10/2024;23:00;32
05/10/2024;24:00;75
06/10/2024;01:00;43
06/10/2024;02:00;29
06/10/2024;03:00;28
06/10/2024;04:00;24
06/10/2024;05:00;20
06/10/2024;06:00;18
06/10/2024;07:00;14
06/10/2024;08:00;7
06/10/2024;09:00;17
06/10/2024;10:00;13
06/10/2024;11:00;31
06/10/2024;12:00;20
06/10/2024;13:00;22
06/10/2024;14:00;21
06/10/2024;15:00;24
06/10/2024;16:00;21
06/10/2024;17:00;20
06/10/2024;18:00;24
06/10/2024;19:00;30
06/10/2024;20:00;24
06/10/2024;21:00;12
06/10/2024;22:00;16
06/10/2024;23:00;10
06/10/2024;24:00;25
07/10/2024;01:00;19
07/10/2024;02:00;26
07/10/2024;03:00;39
07/10/2024;04:00;51
07/10/2024;05:00;33
07/10/2024;06:00;26
07/10/2024;07:00;17
07/10/2024;08:00;21
07/10/2024;09:00;27
07/10/2024;10:00;30
07/10/2024;11:00;41
07/10/2024;12:00;39
07/10/2024;13:00;41
07/10/2024;14:00;63
07/10/2024;15:00;32
07/10/2024;16:00;29
07/10/2024;17:00;25
07/10/2024;18:00;25
07/10/2024;19:00;29
07/10/2024;20:00;36
07/10/2024;21:00;40
07/10/2024;22:00;41
07/10/2024;23:00;40
07/10/2024;24:00;51
08/10/2024;01:00;48
08/10/2024;02:00;45
08/10/2024;03:00;43
08/10/2024;04:00;29
08/10/2024;05:00;36
08/10/2024;06:00;32
08/10/2024;07:00;32
08/10/2024;08:00;26
08/10/2024;09:00;33
08/10/2024;10:00;35
08/10/2024;11:00;53
08/10/2024;12:00;49
08/10/2024;13:00;80
08/10/2024;14:00;99
08/10/2024;15:00;72
08/10/2024;16:00;70
08/10/2024;17:00;123
08/10/2024;18:00;112
08/10/2024;19:00;113
08/10/2024;20:00;115
08/10/2024;21:00;121
08/10/2024;22:00;125
08/10/2024;23:00;120
08/10/2024;24:00;131
09/10/2024;01:00;130
09/10/2024;02:00;118
09/10/2024;03:00;116
09/10/2024;04:00;115
09/10/2024;05:00;106
09/10/2024;06:00;87
09/10/2024;07:00;80
09/10/2024;08:00;104
09/10/2024;09:00;81
09/10/2024;10:00;79
09/10/2024;11:00;60
09/10/2024;12:00;76
09/10/2024;13:00;70
09/10/2024;14:00;68
09/10/2024;15:00;93
09/10/2024;16:00;68
09/10/2024;17:00;40
09/10/2024;18:00;43
09/10/2024;19:00;34
09/10/2024;20:00;23
09/10/2024;21:00;28
09/10/2024;22:00;32
09/10/2024;23:00;31
09/10/2024;24:00;34
10/10/2024;01:00;35
10/10/2024;02:00;26
10/10/2024;03:00;20
10/10/2024;04:00;31
10/10/2024;05:00;27
10/10/2024;06:00;29
10/10/2024;07:00;22
10/10/2024;08:00;32
10/10/2024;09:00;36
10/10/2024;10:00;29
10/10/2024;11:00;39
10/10/2024;12:00;37
10/10/2024;13:00;43
10/10/2024;14:00;40
10/10/2024;15:00;36
10/10/2024;16:00;42
10/10/2024;17:00;45
10/10/2024;18:00;39
10/10/2024;19:00;49
10/10/2024;20:00;43
10/10/2024;21:00;43
10/10/2024;22:00;41
10/10/2024;23:00;34
10/10/2024;24:00;57
11/10/2024;01:00;49
11/10/2024;02:00;36
11/10/2024;03:00;39
11/10/2024;04:00;34
11/10/2024;05:00;32
11/10/2024;06:00;43
11/10/2024;07:00;48
11/10/2024;08:00;47
11/10/2024;09:00;56
11/10/2024;10:00;53
11/10/2024;11:00;53
11/10/2024;12:00;62
11/10/2024;13:00;58
11/10/2024;14:00;54
11/10/2024;15:00;46
11/10/2024;16:00;31
11/10/2024;17:00;22
11/10/2024;18:00;21
11/10/2024;19:00;33
11/10/2024;20:00;25
11/10/2024;21:00;21
11/10/2024;22:00;15
11/10/2024;23:00;17
11/10/2024;24:00;28
12/10/2024;01:00;21
12/10/2024;02:00;14
12/10/2024;03:00;11
12/10/2024;04:00;13
12/10/2024;05:00;19
12/10/2024;06:00;17
12/10/2024;07:00;18
12/10/2024;08:00;17
12/10/2024;09:00;16
12/10/2024;10:00;12
12/10/2024;11:00;10
12/10/2024;12:00;9
12/10/2024;13:00;9
12/10/2024;14:00;4
12/10/2024;15:00;2
12/10/2024;16:00;0
12/10/2024;17:00;6
12/10/2024;18:00;4
12/10/2024;19:00;16
12/10/2024;20:00;10
12/10/2024;21:00;12
12/10/2024;22:00;13
12/10/2024;23:00;24
12/10/2024;24:00;25
13/10/2024;01:00;23
13/10/2024;02:00;21
13/10/2024;03:00;18
13/10/2024;04:00;13
13/10/2024;05:00;19
13/10/2024;06:00;16
13/10/2024;07:00;17
13/10/2024;08:00;13
13/10/2024;09:00;14
13/10/2024;10:00;8
13/10/2024;11:00;13
13/10/2024;12:00;22
13/10/2024;13:00;18
13/10/2024;14:00;25
13/10/2024;15:00;16
13/10/2024;16:00;18
13/10/2024;17:00;21
13/10/2024;18:00;22
13/10/2024;19:00;27
13/10/2024;20:00;18
13/10/2024;21:00;24
13/10/2024;22:00;20
13/10/2024;23:00;27
13/10/2024;24:00;36
14/10/2024;01:00;25
14/10/2024;02:00;27
14/10/2024;03:00;28
14/10/2024;04:00;23
14/10/2024;05:00;14
14/10/2024;06:00;10
14/10/2024;07:00;9
14/10/2024;08:00;8
14/10/2024;09:00;20
14/10/2024;10:00;25
14/10/2024;11:00;24
14/10/2024;12:00;35
14/10/2024;13:00;37
14/10/2024;14:00;35
14/10/2024;15:00;38
14/10/2024;16:00;35
14/10/2024;17:00;36
14/10/2024;18:00;36
14/10/2024;19:00;44
14/10/2024;20:00;30
14/10/2024;21:00;22
14/10/2024;22:00;25
14/10/2024;23:00;23
14/10/2024;24:00;29
15/10/2024;01:00;37
15/10/2024;02:00;39
15/10/2024;03:00;37
15/10/2024;04:00;24
15/10/2024;05:00;15
15/10/2024;06:00;24
15/10/2024;07:00;21
15/10/2024;08:00;14
15/10/2024;09:00;17
15/10/2024;10:00;11
15/10/2024;11:00;27
15/10/2024;12:00;25
15/10/2024;13:00;33
15/10/2024;14:00;22
15/10/2024;15:00;24
15/10/2024;16:00;20
15/10/2024;17:00;15
15/10/2024;18:00;37
15/10/2024;19:00;30
15/10/2024;20:00;31
15/10/2024;21:00;15
15/10/2024;22:00;15
15/10/2024;23:00;17
15/10/2024;24:00;26
16/10/2024;01:00;28
16/10/2024;02:00;21
16/10/2024;03:00;21
16/10/2024;04:00;26
16/10/2024;05:00;33
16/10/2024;06:00;30
16/10/2024;07:00;30
16/10/2024;08:00;36
16/10/2024;09:00;39
16/10/2024;10:00;36
16/10/2024;11:00;24
16/10/2024;12:00;19
16/10/2024;13:00;19
16/10/2024;14:00;19
16/10/2024;15:00;17
16/10/2024;16:00;15
16/10/2024;17:00;14
16/10/2024;18:00;22
16/10/2024;19:00;29
16/10/2024;20:00;42
16/10/2024;21:00;40
16/10/2024;22:00;24
16/10/2024;23:00;25
16/10/2024;24:00;38
17/10/2024;01:00;41
17/10/2024;02:00;30
17/10/2024;03:00;35
17/10/2024;04:00;38
17/10/2024;05:00;34
17/10/2024;06:00;35
17/10/2024;07:00;36
17/10/2024;08:00;49
17/10/2024;09:00;50
17/10/2024;10:00;49
17/10/2024;11:00;49
17/10/2024;12:00;34
17/10/2024;13:00;35
17/10/2024;14:00;33
17/10/2024;15:00;27
17/10/2024;16:00;29
17/10/2024;17:00;27
17/10/2024;18:00;39
17/10/2024;19:00;38
17/10/2024;20:00;42
17/10/2024;21:00;47
17/10/2024;22:00;44
17/10/2024;23:00;53
17/10/2024;24:00;55
18/10/2024;01:00;50
18/10/2024;02:00;42
18/10/2024;03:00;40
18/10/2024;04:00;57
18/10/2024;05:00;57
18/10/2024;06:00;45
18/10/2024;07:00;33
18/10/2024;08:00;25
18/10/2024;09:00;26
18/10/2024;10:00;11
18/10/2024;11:00;19
18/10/2024;12:00;15
18/10/2024;13:00;21
18/10/2024;14:00;19
18/10/2024;15:00;22
18/10/2024;16:00;18
18/10/2024;17:00;28
18/10/2024;18:00;12
18/10/2024;19:00;38
18/10/2024;20:00;35
18/10/2024;21:00;29
18/10/2024;22:00;31
18/10/2024;23:00;29
18/10/2024;24:00;27
19/10/2024;01:00;29
19/10/2024;02:00;26
19/10/2024;03:00;32
19/10/2024;04:00;36
19/10/2024;05:00;24
19/10/2024;06:00;31
19/10/2024;07:00;21
19/10/2024;08:00;24
19/10/2024;09:00;19
19/10/2024;10:00;16
19/10/2024;11:00;20
19/10/2024;12:00;28
19/10/2024;13:00;29
19/10/2024;14:00;21
19/10/2024;15:00;15
19/10/2024;16:00;30
19/10/2024;17:00;20
19/10/2024;18:00;14
19/10/2024;19:00;16
19/10/2024;20:00;6
19/10/2024;21:00;2
19/10/2024;22:00;9
19/10/2024;23:00;5
19/10/2024;24:00;7
20/10/2024;01:00;4
20/10/2024;02:00;2
20/10/2024;03:00;4
20/10/2024;04:00;5
20/10/2024;05:00;3
20/10/2024;06:00;7
20/10/2024;07:00;2
20/10/2024;08:00;6
20/10/2024;09:00;4
20/10/2024;10:00;5
20/10/2024;11:00;10
20/10/2024;12:00;12
20/10/2024;13:00;10
20/10/2024;14:00;33
20/10/2024;15:00;13
20/10/2024;16:00;4
20/10/2024;17:00;11
20/10/2024;18:00;17
20/10/2024;19:00;7
20/10/2024;20:00;5
20/10/2024;21:00;7
20/10/2024;22:00;4
20/10/2024;23:00;5
20/10/2024;24:00;14
21/10/2024;01:00;11
21/10/2024;02:00;4
21/10/2024;03:00;7
21/10/2024;04:00;7
21/10/2024;05:00;5
21/10/2024;06:00;10
21/10/2024;07:00;8
21/10/2024;08:00;11
21/10/2024;09:00;12
21/10/2024;10:00;7
21/10/2024;11:00;14
21/10/2024;12:00;18
21/10/2024;13:00;13
21/10/2024;14:00;23
21/10/2024;15:00;4
21/10/2024;16:00;6
21/10/2024;17:00;13
21/10/2024;18:00;10
21/10/2024;19:00;21
21/10/2024;20:00;21
21/10/2024;21:00;18
21/10/2024;22:00;17
21/10/2024;23:00;20
21/10/2024;24:00;23
22/10/2024;01:00;22
22/10/2024;02:00;26
22/10/2024;03:00;16
22/10/2024;04:00;20
22/10/2024;05:00;16
22/10/2024;06:00;19
22/10/2024;07:00;18
22/10/2024;08:00;19
22/10/2024;09:00;22
22/10/2024;10:00;23
22/10/2024;11:00;20
22/10/2024;12:00;14
22/10/2024;13:00;12
22/10/2024;14:00;12
22/10/2024;15:00;14
22/10/2024;16:00;14
22/10/2024;17:00;6
22/10/2024;18:00;12
22/10/2024;19:00;19
22/10/2024;20:00;10
22/10/2024;21:00;14
22/10/2024;22:00;26
22/10/2024;23:00;24
22/10/2024;24:00;27
23/10/2024;01:00;26
23/10/2024;02:00;24
23/10/2024;03:00;16
23/10/2024;04:00;14
23/10/2024;05:00;19
23/10/2024;06:00;28
23/10/2024;07:00;14
23/10/2024;08:00;18
23/10/2024;09:00;23
23/10/2024;10:00;7
23/10/2024;11:00;16
23/10/2024;12:00;19
23/10/2024;13:00;11
23/10/2024;14:00;13
23/10/2024;15:00;9
23/10/2024;16:00;15
23/10/2024;17:00;25
23/10/2024;18:00;50
23/10/2024;19:00;5
23/10/2024;20:00;24
23/10/2024;21:00;19
23/10/2024;22:00;13
23/10/2024;23:00;15
23/10/2024;24:00;15
24/10/2024;01:00;17
24/10/2024;02:00;16
24/10/2024;03:00;5
24/10/2024;04:00;8
24/10/2024;05:00;10
24/10/2024;06:00;12
24/10/2024;07:00;5
24/10/2024;08:00;2
24/10/2024;09:00;8
24/10/2024;10:00;15
24/10/2024;11:00;22
24/10/2024;12:00;18
24/10/2024;13:00;26
24/10/2024;14:00;26
24/10/2024;15:00;24
24/10/2024;16:00;42
24/10/2024;17:00;80
24/10/2024;18:00;10
24/10/2024;19:00;7
24/10/2024;20:00;17
24/10/2024;21:00;19
24/10/2024;22:00;29
24/10/2024;23:00;11
24/10/2024;24:00;27
25/10/2024;01:00;13
25/10/2024;02:00;18
25/10/2024;03:00;20
25/10/2024;04:00;13
25/10/2024;05:00;17
25/10/2024;06:00;24
25/10/2024;07:00;21
25/10/2024;08:00;36
25/10/2024;09:00;49
25/10/2024;10:00;47
25/10/2024;11:00;44
25/10/2024;12:00;46
25/10/2024;13:00;38
25/10/2024;14:00;49
25/10/2024;15:00;56
25/10/2024;16:00;42
25/10/2024;17:00;53
25/10/2024;18:00;47
25/10/2024;19:00;63
25/10/2024;20:00;59
25/10/2024;21:00;61
25/10/2024;22:00;65
25/10/2024;23:00;73
25/10/2024;24:00;75
26/10/2024;01:00;67
26/10/2024;02:00;66
26/10/2024;03:00;45
26/10/2024;04:00;16
26/10/2024;05:00;19
26/10/2024;06:00;15
26/10/2024;07:00;11
26/10/2024;08:00;17
26/10/2024;09:00;22
26/10/2024;10:00;16
26/10/2024;11:00;10
26/10/2024;12:00;23
26/10/2024;13:00;19
26/10/2024;14:00;2
26/10/2024;15:00;1
26/10/2024;16:00;9
26/10/2024;17:00;1
26/10/2024;18:00;5
26/10/2024;19:00;16
26/10/2024;20:00;14
26/10/2024;21:00;9
26/10/2024;22:00;13
26/10/2024;23:00;19
26/10/2024;24:00;28
27/10/2024;01:00;29
27/10/2024;02:00;26
27/10/2024;03:00;19
27/10/2024;04:00;22
27/10/2024;05:00;23
27/10/2024;06:00;11
27/10/2024;07:00;18
27/10/2024;08:00;23
27/10/2024;09:00;25
27/10/2024;10:00;12
27/10/2024;11:00;10
27/10/2024;12:00;15
27/10/2024;13:00;14
27/10/2024;14:00;18
27/10/2024;15:00;12
27/10/2024;16:00;18
27/10/2024;17:00;18
27/10/2024;18:00;23
27/10/2024;19:00;20
27/10/2024;20:00;22
27/10/2024;21:00;18
27/10/2024;22:00;17
27/10/2024;23:00;21
27/10/2024;24:00;22
28/10/2024;01:00;24
28/10/2024;02:00;29
28/10/2024;03:00;26
28/10/2024;04:00;14
28/10/2024;05:00;12
28/10/2024;06:00;3
28/10/2024;07:00;4
28/10/2024;08:00;8
28/10/2024;09:00;8
28/10/2024;10:00;13
28/10/2024;11:00;6
28/10/2024;12:00;16
28/10/2024;13:00;8
28/10/2024;14:00;21
28/10/2024;15:00;15
28/10/2024;16:00;20
28/10/2024;17:00;15
28/10/2024;18:00;19
28/10/2024;19:00;25
28/10/2024;20:00;23
28/10/2024;21:00;15
28/10/2024;22:00;17
28/10/2024;23:00;16
28/10/2024;24:00;26
29/10/2024;01:00;18
29/10/2024;02:00;16
29/10/2024;03:00;19
29/10/2024;04:00;13
29/10/2024;05:00;14
29/10/2024;06:00;13
29/10/2024;07:00;11
29/10/2024;08:00;9
29/10/2024;09:00;14
29/10/2024;10:00;11
29/10/2024;11:00;56
29/10/2024;12:00;19
29/10/2024;13:00;12
29/10/2024;14:00;27
29/10/2024;15:00;20
29/10/2024;16:00;20
29/10/2024;17:00;17
29/10/2024;18:00;20
29/10/2024;19:00;18
29/10/2024;20:00;24
29/10/2024;21:00;16
29/10/2024;22:00;15
29/10/2024;23:00;38
29/10/2024;24:00;24
30/10/2024;01:00;24
30/10/2024;02:00;16
30/10/2024;03:00;19
30/10/2024;04:00;18
30/10/2024;05:00;15
30/10/2024;06:00;25
30/10/2024;07:00;14
30/10/2024;08:00;15
30/10/2024;09:00;27
30/10/2024;10:00;26
30/10/2024;11:00;29
30/10/2024;12:00;25
30/10/2024;13:00;25
30/10/2024;14:00;19
30/10/2024;15:00;20
30/10/2024;16:00;21
30/10/2024;17:00;19
30/10/2024;18:00;12
30/10/2024;19:00;23
30/10/2024;20:00;18
30/10/2024;21:00;19
30/10/2024;22:00;24
30/10/2024;23:00;40
30/10/2024;24:00;22
31/10/2024;01:00;39
31/10/2024;02:00;62
31/10/2024;03:00;64
31/10/2024;04:00;51
31/10/2024;05:00;29
31/10/2024;06:00;22
31/10/2024;07:00;21
31/10/2024;08:00;19
31/10/2024;09:00;29
31/10/2024;10:00;31
31/10/2024;11:00;24
31/10/2024;12:00;134
31/10/2024;13:00;40
31/10/2024;14:00;18
31/10/2024;15:00;19
31/10/2024;16:00;20
31/10/2024;17:00;22
31/10/2024;18:00;55
31/10/2024;19:00;23
31/10/2024;20:00;56
31/10/2024;21:00;27
31/10/2024;22:00;18
31/10/2024;23:00;23
31/10/2024;24:00;22
01/11/2024;01:00;28
01/11/2024;02:00;25
01/11/2024;03:00;38
01/11/2024;04:00;37
01/11/2024;05:00;27
01/11/2024;06:00;20
01/11/2024;07:00;24
01/11/2024;08:00;16
01/11/2024;09:00;14
01/11/2024;10:00;17
01/11/2024;11:00;24
01/11/2024;12:00;23
01/11/2024;13:00;22
01/11/2024;14:00;16
01/11/2024;15:00;21
01/11/2024;16:00;23
01/11/2024;17:00;16
01/11/2024;18:00;17
01/11/2024;19:00;29
01/11/2024;20:00;27
01/11/2024;21:00;14
01/11/2024;22:00;11
01/11/2024;23:00;10
01/11/2024;24:00;25
02/11/2024;01:00;16
02/11/2024;02:00;19
02/11/2024;03:00;20
02/11/2024;04:00;8
02/11/2024;05:00;7
02/11/2024;06:00;8
02/11/2024;07:00;10
02/11/2024;08:00;9
02/11/2024;09:00;11
02/11/2024;10:00;9
02/11/2024;11:00;18
02/11/2024;12:00;14
02/11/2024;13:00;5
02/11/2024;14:00;16
02/11/2024;15:00;18
02/11/2024;16:00;6
02/11/2024;17:00;11
02/11/2024;18:00;11
02/11/2024;19:00;9
02/11/2024;20:00;1
02/11/2024;21:00;4
02/11/2024;22:00;11
02/11/2024;23:00;9
02/11/2024;24:00;9
03/11/2024;01:00;1
03/11/2024;02:00;5
03/11/2024;03:00;7
03/11/2024;04:00;14
03/11/2024;05:00;9
03/11/2024;06:00;6
03/11/2024;07:00;10
03/11/2024;08:00;9
03/11/2024;09:00;7
03/11/2024;10:00;8
03/11/2024;11:00;10
03/11/2024;12:00;11
03/11/2024;13:00;11
03/11/2024;14:00;7
03/11/2024;15:00;9
03/11/2024;16:00;14
03/11/2024;17:00;30
03/11/2024;18:00;7
03/11/2024;19:00;11
03/11/2024;20:00;3
03/11/2024;21:00;1
03/11/2024;22:00;9
03/11/2024;23:00;8
03/11/2024;24:00;10
04/11/2024;01:00;10
04/11/2024;02:00;11
04/11/2024;03:00;6
04/11/2024;04:00;9
04/11/2024;05:00;5
04/11/2024;06:00;10
04/11/2024;07:00;13
04/11/2024;08:00;21
04/11/2024;09:00;16
04/11/2024;10:00;15
04/11/2024;11:00;10
04/11/2024;12:00;9
04/11/2024;13:00;17
04/11/2024;14:00;11
04/11/2024;15:00;6
04/11/2024;16:00;10
04/11/2024;17:00;15
04/11/2024;18:00;6
04/11/2024;19:00;4
04/11/2024;20:00;7
04/11/2024;21:00;6
04/11/2024;22:00;3
04/11/2024;23:00;2
04/11/2024;24:00;19
05/11/2024;01:00;8
05/11/2024;02:00;14
05/11/2024;03:00;14
05/11/2024;04:00;17
05/11/2024;05:00;14
05/11/2024;06:00;19
05/11/2024;07:00;18
05/11/2024;08:00;18
05/11/2024;09:00;15
05/11/2024;10:00;19
05/11/2024;11:00;9
05/11/2024;12:00;8
05/11/2024;13:00;2
05/11/2024;14:00;5
05/11/2024;15:00;1
05/11/2024;16:00;11
05/11/2024;17:00;3
05/11/2024;18:00;7
05/11/2024;19:00;15
05/11/2024;20:00;33
05/11/2024;21:00;6
05/11/2024;22:00;13
05/11/2024;23:00;6
05/11/2024;24:00;17
06/11/2024;01:00;14
06/11/2024;02:00;9
06/11/2024;03:00;8
06/11/2024;04:00;8
06/11/2024;05:00;11
06/11/2024;06:00;9
06/11/2024;07:00;3
06/11/2024;08:00;6
06/11/2024;09:00;6
06/11/2024;10:00;4
06/11/2024;11:00;11
06/11/2024;12:00;14
06/11/2024;13:00;11
06/11/2024;14:00;7
06/11/2024;15:00;16
06/11/2024;16:00;2
06/11/2024;17:00;15
06/11/2024;18:00;24
06/11/2024;19:00;11
06/11/2024;20:00;12
06/11/2024;21:00;3
06/11/2024;22:00;9
06/11/2024;23:00;9
06/11/2024;24:00;2
07/11/2024;01:00;9
07/11/2024;02:00;16
07/11/2024;03:00;6
07/11/2024;04:00;4
07/11/2024;05:00;4
07/11/2024;06:00;5
07/11/2024;07:00;12
07/11/2024;08:00;7
07/11/2024;09:00;4
07/11/2024;10:00;4
07/11/2024;11:00;24
07/11/2024;12:00;25
07/11/2024;13:00;16
07/11/2024;14:00;57
07/11/2024;15:00;3
07/11/2024;16:00;14
07/11/2024;17:00;12
07/11/2024;18:00;11
07/11/2024;19:00;5
07/11/2024;20:00;8
07/11/2024;21:00;12
07/11/2024;22:00;21
07/11/2024;23:00;116
07/11/2024;24:00;128
08/11/2024;01:00;130
08/11/2024;02:00;9
08/11/2024;03:00;8
08/11/2024;04:00;4
08/11/2024;05:00;4
08/11/2024;06:00;9
08/11/2024;07:00;5
08/11/2024;08:00;0
08/11/2024;09:00;5
08/11/2024;10:00;9
08/11/2024;11:00;5
08/11/2024;12:00;5
08/11/2024;13:00;12
08/11/2024;14:00;12
08/11/2024;15:00;6
08/11/2024;16:00;5
08/11/2024;17:00;8
08/11/2024;18:00;10
08/11/2024;19:00;8
08/11/2024;20:00;5
08/11/2024;21:00;4
08/11/2024;22:00;27
08/11/2024;23:00;18
08/11/2024;24:00;7
09/11/2024;01:00;15
09/11/2024;02:00;18
09/11/2024;03:00;16
09/11/2024;04:00;17
09/11/2024;05:00;19
09/11/2024;06:00;28
09/11/2024;07:00;19
09/11/2024;08:00;13
09/11/2024;09:00;7
09/11/2024;10:00;14
09/11/2024;11:00;14
09/11/2024;12:00;16
09/11/2024;13:00;10
09/11/2024;14:00;12
09/11/2024;15:00;0
09/11/2024;16:00;5
09/11/2024;17:00;10
09/11/2024;18:00;14
09/11/2024;19:00;10
09/11/2024;20:00;15
09/11/2024;21:00;11
09/11/2024;22:00;5
09/11/2024;23:00;8
09/11/2024;24:00;12
10/11/2024;01:00;18
10/11/2024;02:00;15
10/11/2024;03:00;14
10/11/2024;04:00;8
10/11/2024;05:00;9
10/11/2024;06:00;11
10/11/2024;07:00;4
10/11/2024;08:00;8
10/11/2024;09:00;18
10/11/2024;10:00;6
10/11/2024;11:00;3
10/11/2024;12:00;10
10/11/2024;13:00;148
10/11/2024;14:00;33
10/11/2024;15:00;6
10/11/2024;16:00;9
10/11/2024;17:00;12
10/11/2024;18:00;7
10/11/2024;19:00;23
10/11/2024;20:00;14
10/11/2024;21:00;22
10/11/2024;22:00;16
10/11/2024;23:00;15
10/11/2024;24:00;19
11/11/2024;01:00;18
11/11/2024;02:00;15
11/11/2024;03:00;14
11/11/2024;04:00;17
11/11/2024;05:00;17
11/11/2024;06:00;8
11/11/2024;07:00;7
11/11/2024;08:00;7
11/11/2024;09:00;15
11/11/2024;10:00;11
11/11/2024;11:00;17
11/11/2024;12:00;17
11/11/2024;13:00;8
11/11/2024;14:00;3
11/11/2024;15:00;7
11/11/2024;16:00;14
11/11/2024;17:00;16
11/11/2024;18:00;21
11/11/2024;19:00;28
11/11/2024;20:00;18
11/11/2024;21:00;15
11/11/2024;22:00;27
11/11/2024;23:00;26
11/11/2024;24:00;38
12/11/2024;01:00;19
12/11/2024;02:00;9
12/11/2024;03:00;7
12/11/2024;04:00;8
12/11/2024;05:00;10
12/11/2024;06:00;13
12/11/2024;07:00;9
12/11/2024;08:00;9
12/11/2024;09:00;14
12/11/2024;10:00;15
12/11/2024;11:00;25
12/11/2024;12:00;30
12/11/2024;13:00;34
12/11/2024;14:00;4
12/11/2024;15:00;14
12/11/2024;16:00;19
12/11/2024;17:00;24
12/11/2024;18:00;30
12/11/2024;19:00;59
12/11/2024;20:00;41
12/11/2024;21:00;12
12/11/2024;22:00;12
12/11/2024;23:00;13
12/11/2024;24:00;15
13/11/2024;01:00;11
13/11/2024;02:00;10
13/11/2024;03:00;13
13/11/2024;04:00;14
13/11/2024;05:00;12
13/11/2024;06:00;14
13/11/2024;07:00;13
13/11/2024;08:00;12
13/11/2024;09:00;20
13/11/2024;10:00;20
13/11/2024;11:00;17
13/11/2024;12:00;41
13/11/2024;13:00;17
13/11/2024;14:00;8
13/11/2024;15:00;12
13/11/2024;16:00;17
13/11/2024;17:00;7
13/11/2024;18:00;10
13/11/2024;19:00;10
13/11/2024;20:00;10
13/11/2024;21:00;16
13/11/2024;22:00;11
13/11/2024;23:00;12
13/11/2024;24:00;12
14/11/2024;01:00;19
14/11/2024;02:00;16
14/11/2024;03:00;14
14/11/2024;04:00;24
14/11/2024;05:00;20
14/11/2024;06:00;14
14/11/2024;07:00;15
14/11/2024;08:00;22
14/11/2024;09:00;22
14/11/2024;10:00;21
14/11/2024;11:00;17
14/11/2024;12:00;31
14/11/2024;13:00;24
14/11/2024;14:00;13
14/11/2024;15:00;15
14/11/2024;16:00;16
14/11/2024;17:00;19
14/11/2024;18:00;20
14/11/2024;19:00;24
14/11/2024;20:00;17
14/11/2024;21:00;19
14/11/2024;22:00;17
14/11/2024;23:00;22
14/11/2024;24:00;26
15/11/2024;01:00;25
15/11/2024;02:00;31
15/11/2024;03:00;23
15/11/2024;04:00;21
15/11/2024;05:00;21
15/11/2024;06:00;19
15/11/2024;07:00;20
15/11/2024;08:00;10
15/11/2024;09:00;6
15/11/2024;10:00;13
15/11/2024;11:00;20
15/11/2024;12:00;90
15/11/2024;13:00;10
15/11/2024;14:00;113
15/11/2024;15:00;67
15/11/2024;16:00;10
15/11/2024;17:00;17
15/11/2024;18:00;15
15/11/2024;19:00;22
15/11/2024;20:00;26
15/11/2024;21:00;25
15/11/2024;22:00;40
15/11/2024;23:00;35
15/11/2024;24:00;51
16/11/2024;01:00;31
16/11/2024;02:00;21
16/11/2024;03:00;13
16/11/2024;04:00;11
16/11/2024;05:00;6
16/11/2024;06:00;5
16/11/2024;07:00;8
16/11/2024;08:00;14
16/11/2024;09:00;5
16/11/2024;10:00;6
16/11/2024;11:00;9
16/11/2024;12:00;5
16/11/2024;13:00;13
16/11/2024;14:00;8
16/11/2024;15:00;15
16/11/2024;16:00;15
16/11/2024;17:00;6
16/11/2024;18:00;13
16/11/2024;19:00;22
16/11/2024;20:00;17
16/11/2024;21:00;13
16/11/2024;22:00;16
16/11/2024;23:00;21
16/11/2024;24:00;14
17/11/2024;01:00;10
17/11/2024;02:00;9
17/11/2024;03:00;5
17/11/2024;04:00;3
17/11/2024;05:00;12
17/11/2024;06:00;11
17/11/2024;07:00;4
17/11/2024;08:00;7
17/11/2024;09:00;7
17/11/2024;10:00;10
17/11/2024;11:00;11
17/11/2024;12:00;19
17/11/2024;13:00;12
17/11/2024;14:00;6
17/11/2024;15:00;12
17/11/2024;16:00;9
17/11/2024;17:00;9
17/11/2024;18:00;8
17/11/2024;19:00;18
17/11/2024;20:00;13
17/11/2024;21:00;5
17/11/2024;22:00;5
17/11/2024;23:00;6
17/11/2024;24:00;15
18/11/2024;01:00;8
18/11/2024;02:00;13
18/11/2024;03:00;9
18/11/2024;04:00;11
18/11/2024;05:00;6
18/11/2024;06:00;7
18/11/2024;07:00;18
18/11/2024;08:00;12
18/11/2024;09:00;23
18/11/2024;10:00;15
18/11/2024;11:00;21
18/11/2024;12:00;18
18/11/2024;13:00;13
18/11/2024;14:00;14
18/11/2024;15:00;6
18/11/2024;16:00;7
18/11/2024;17:00;2
18/11/2024;18:00;15
18/11/2024;19:00;32
18/11/2024;20:00;13
18/11/2024;21:00;18
18/11/2024;22:00;12
18/11/2024;23:00;16
18/11/2024;24:00;25
19/11/2024;01:00;15
19/11/2024;02:00;23
19/11/2024;03:00;32
19/11/2024;04:00;28
19/11/2024;05:00;20
19/11/2024;06:00;22
19/11/2024;07:00;15
19/11/2024;08:00;17
19/11/2024;09:00;22
19/11/2024;10:00;26
19/11/2024;11:00;25
19/11/2024;12:00;20
19/11/2024;13:00;15
19/11/2024;14:00;15
19/11/2024;15:00;9
19/11/2024;16:00;13
19/11/2024;17:00;8
19/11/2024;18:00;18
19/11/2024;19:00;19
19/11/2024;20:00;20
19/11/2024;21:00;18
19/11/2024;22:00;23
19/11/2024;23:00;19
19/11/2024;24:00;23
20/11/2024;01:00;19
20/11/2024;02:00;33
20/11/2024;03:00;53
20/11/2024;04:00;30
20/11/2024;05:00;22
20/11/2024;06:00;35
20/11/2024;07:00;25
20/11/2024;08:00;8
20/11/2024;09:00;13
20/11/2024;10:00;21
20/11/2024;11:00;26
20/11/2024;12:00;25
20/11/2024;13:00;29
20/11/2024;14:00;20
20/11/2024;15:00;23
20/11/2024;16:00;23
20/11/2024;17:00;31
20/11/2024;18:00;40
20/11/2024;19:00;23
20/11/2024;20:00;16
20/11/2024;21:00;23
20/11/2024;22:00;23
20/11/2024;23:00;18
20/11/2024;24:00;30
21/11/2024;01:00;19
21/11/2024;02:00;21
21/11/2024;03:00;6
21/11/2024;04:00;4
21/11/2024;05:00;7
21/11/2024;06:00;7
21/11/2024;07:00;17
21/11/2024;08:00;18
21/11/2024;09:00;25
21/11/2024;10:00;19
21/11/2024;11:00;36
21/11/2024;12:00;21
21/11/2024;13:00;25
21/11/2024;14:00;25
21/11/2024;15:00;24
21/11/2024;16:00;28
21/11/2024;17:00;25
21/11/2024;18:00;9
21/11/2024;19:00;22
21/11/2024;20:00;21
21/11/2024;21:00;24
21/11/2024;22:00;26
21/11/2024;23:00;11
21/11/2024;24:00;11
22/11/2024;01:00;13
22/11/2024;02:00;12
22/11/2024;03:00;9
22/11/2024;04:00;10
22/11/2024;05:00;6
22/11/2024;06:00;6
22/11/2024;07:00;8
22/11/2024;08:00;3
22/11/2024;09:00;8
22/11/2024;10:00;11
22/11/2024;11:00;19
22/11/2024;12:00;19
22/11/2024;13:00;21
22/11/2024;14:00;18
22/11/2024;15:00;17
22/11/2024;16:00;11
22/11/2024;17:00;18
22/11/2024;18:00;22
22/11/2024;19:00;14
22/11/2024;20:00;21
22/11/2024;21:00;12
22/11/2024;22:00;10
22/11/2024;23:00;9
22/11/2024;24:00;11
23/11/2024;01:00;14
23/11/2024;02:00;6
23/11/2024;03:00;16
23/11/2024;04:00;6
23/11/2024;05:00;13
23/11/2024;06:00;15
23/11/2024;07:00;8
23/11/2024;08:00;10
23/11/2024;09:00;12
23/11/2024;10:00;14
23/11/2024;11:00;17
23/11/2024;12:00;18
23/11/2024;13:00;15
23/11/2024;14:00;2
23/11/2024;15:00;5
23/11/2024;16:00;9
23/11/2024;17:00;10
23/11/2024;18:00;9
23/11/2024;19:00;15
23/11/2024;20:00;13
23/11/2024;21:00;8
23/11/2024;22:00;15
23/11/2024;23:00;8
23/11/2024;24:00;57
24/11/2024;01:00;60
24/11/2024;02:00;36
24/11/2024;03:00;15
24/11/2024;04:00;10
24/11/2024;05:00;7
24/11/2024;06:00;15
24/11/2024;07:00;10
24/11/2024;08:00;11
24/11/2024;09:00;28
24/11/2024;10:00;14
24/11/2024;11:00;14
24/11/2024;12:00;18
24/11/2024;13:00;18
24/11/2024;14:00;11
24/11/2024;15:00;5
24/11/2024;16:00;20
24/11/2024;17:00;8
24/11/2024;18:00;16
24/11/2024;19:00;9
24/11/2024;20:00;17
24/11/2024;21:00;21
24/11/2024;22:00;22
24/11/2024;23:00;23
24/11/2024;24:00;36
25/11/2024;01:00;20
25/11/2024;02:00;17
25/11/2024;03:00;16
25/11/2024;04:00;16
25/11/2024;05:00;16
25/11/2024;06:00;8
25/11/2024;07:00;6
25/11/2024;08:00;2
25/11/2024;09:00;14
25/11/2024;10:00;10
25/11/2024;11:00;16
25/11/2024;12:00;26
25/11/2024;13:00;14
25/11/2024;14:00;15
25/11/2024;15:00;11
25/11/2024;16:00;13
25/11/2024;17:00;17
25/11/2024;18:00;21
25/11/2024;19:00;21
25/11/2024;20:00;22
25/11/2024;21:00;21
25/11/2024;22:00;22
25/11/2024;23:00;18
25/11/2024;24:00;15
26/11/2024;01:00;17
26/11/2024;02:00;9
26/11/2024;03:00;9
26/11/2024;04:00;14
26/11/2024;05:00;20
26/11/2024;06:00;16
26/11/2024;07:00;21
26/11/2024;08:00;23
26/11/2024;09:00;23
26/11/2024;10:00;25
26/11/2024;11:00;24
26/11/2024;12:00;32
26/11/2024;13:00;23
26/11/2024;14:00;25
26/11/2024;15:00;17
26/11/2024;16:00;17
26/11/2024;17:00;28
26/11/2024;18:00;19
26/11/2024;19:00;24
26/11/2024;20:00;28
26/11/2024;21:00;21
26/11/2024;22:00;21
26/11/2024;23:00;18
26/11/2024;24:00;20
27/11/2024;01:00;24
27/11/2024;02:00;27
27/11/2024;03:00;19
27/11/2024;04:00;22
27/11/2024;05:00;22
27/11/2024;06:00;23
27/11/2024;07:00;17
27/11/2024;08:00;31
27/11/2024;09:00;34
27/11/2024;10:00;41
27/11/2024;11:00;29
27/11/2024;12:00;23
27/11/2024;13:00;15
27/11/2024;14:00;12
27/11/2024;15:00;12
27/11/2024;16:00;
27/11/2024;17:00;29
27/11/2024;18:00;12
27/11/2024;19:00;23
27/11/2024;20:00;33
27/11/2024;21:00;45
27/11/2024;22:00;26
27/11/2024;23:00;18
27/11/2024;24:00;16
28/11/2024;01:00;17
28/11/2024;02:00;15
28/11/2024;03:00;14
28/11/2024;04:00;20
28/11/2024;05:00;18
28/11/2024;06:00;21
28/11/2024;07:00;14
28/11/2024;08:00;17
28/11/2024;09:00;25
28/11/2024;10:00;21
28/11/2024;11:00;36
28/11/2024;12:00;21
28/11/2024;13:00;12
28/11/2024;14:00;15
28/11/2024;15:00;20
28/11/2024;16:00;18
28/11/2024;17:00;12
28/11/2024;18:00;34
28/11/2024;19:00;6
28/11/2024;20:00;18
28/11/2024;21:00;17
28/11/2024;22:00;25
28/11/2024;23:00;23
28/11/2024;24:00;7
29/11/2024;01:00;13
29/11/2024;02:00;7
29/11/2024;03:00;5
29/11/2024;04:00;4
29/11/2024;05:00;9
29/11/2024;06:00;1
29/11/2024;07:00;3
29/11/2024;08:00;0
29/11/2024;09:00;3
29/11/2024;10:00;1
29/11/2024;11:00;7
29/11/2024;12:00;1
29/11/2024;13:00;4
29/11/2024;14:00;9
29/11/2024;15:00;2
29/11/2024;16:00;3
29/11/2024;17:00;7
29/11/2024;18:00;11
29/11/2024;19:00;5
29/11/2024;20:00;13
29/11/2024;21:00;8
29/11/2024;22:00;5
29/11/2024;23:00;7
29/11/2024;24:00;19
30/11/2024;01:00;11
30/11/2024;02:00;5
30/11/2024;03:00;5
30/11/2024;04:00;6
30/11/2024;05:00;4
30/11/2024;06:00;7
30/11/2024;07:00;7
30/11/2024;08:00;2
30/11/2024;09:00;8
30/11/2024;10:00;14
30/11/2024;11:00;3
30/11/2024;12:00;14
30/11/2024;13:00;7
30/11/2024;14:00;11
30/11/2024;15:00;8
30/11/2024;16:00;6
30/11/2024;17:00;12
30/11/2024;18:00;12
30/11/2024;19:00;13
30/11/2024;20:00;18
30/11/2024;21:00;13
30/11/2024;22:00;4
30/11/2024;23:00;9
30/11/2024;24:00;9
01/12/2024;01:00;12
01/12/2024;02:00;9
01/12/2024;03:00;10
01/12/2024;04:00;4
01/12/2024;05:00;10
01/12/2024;06:00;12
01/12/2024;07:00;4
01/12/2024;08:00;12
01/12/2024;09:00;20
01/12/2024;10:00;19
01/12/2024;11:00;11
01/12/2024;12:00;16
01/12/2024;13:00;21
01/12/2024;14:00;9
01/12/2024;15:00;13
01/12/2024;16:00;15
01/12/2024;17:00;9
01/12/2024;18:00;15
01/12/2024;19:00;16
01/12/2024;20:00;13
01/12/2024;21:00;16
01/12/2024;22:00;8
01/12/2024;23:00;9
01/12/2024;24:00;9
02/12/2024;01:00;10
02/12/2024;02:00;6
02/12/2024;03:00;10
02/12/2024;04:00;13
02/12/2024;05:00;15
02/12/2024;06:00;14
02/12/2024;07:00;11
02/12/2024;08:00;9
02/12/2024;09:00;5
02/12/2024;10:00;17
02/12/2024;11:00;16
02/12/2024;12:00;10
02/12/2024;13:00;10
02/12/2024;14:00;24
02/12/2024;15:00;9
02/12/2024;16:00;5
02/12/2024;17:00;3
02/12/2024;18:00;11
02/12/2024;19:00;8
02/12/2024;20:00;5
02/12/2024;21:00;8
02/12/2024;22:00;5
02/12/2024;23:00;7
02/12/2024;24:00;18
03/12/2024;01:00;11
03/12/2024;02:00;12
03/12/2024;03:00;9
03/12/2024;04:00;12
03/12/2024;05:00;10
03/12/2024;06:00;11
03/12/2024;07:00;14
03/12/2024;08:00;13
03/12/2024;09:00;5
03/12/2024;10:00;4
03/12/2024;11:00;8
03/12/2024;12:00;5
03/12/2024;13:00;4
03/12/2024;14:00;4
03/12/2024;15:00;6
03/12/2024;16:00;7
03/12/2024;17:00;5
03/12/2024;18:00;8
03/12/2024;19:00;14
03/12/2024;20:00;12
03/12/2024;21:00;10
03/12/2024;22:00;8
03/12/2024;23:00;9
03/12/2024;24:00;19
04/12/2024;01:00;8
04/12/2024;02:00;2
04/12/2024;03:00;8
04/12/2024;04:00;6
04/12/2024;05:00;1
04/12/2024;06:00;4
04/12/2024;07:00;4
04/12/2024;08:00;7
04/12/2024;09:00;3
04/12/2024;10:00;2
04/12/2024;11:00;8
04/12/2024;12:00;4
04/12/2024;13:00;8
04/12/2024;14:00;2
04/12/2024;15:00;14
04/12/2024;16:00;13
04/12/2024;17:00;15
04/12/2024;18:00;7
04/12/2024;19:00;7
04/12/2024;20:00;14
04/12/2024;21:00;8
04/12/2024;22:00;13
04/12/2024;23:00;19
04/12/2024;24:00;3
05/12/2024;01:00;11
05/12/2024;02:00;4
05/12/2024;03:00;3
05/12/2024;04:00;12
05/12/2024;05:00;13
05/12/2024;06:00;12
05/12/2024;07:00;7
05/12/2024;08:00;8
05/12/2024;09:00;15
05/12/2024;10:00;11
05/12/2024;11:00;19
05/12/2024;12:00;13
05/12/2024;13:00;13
05/12/2024;14:00;12
05/12/2024;15:00;10
05/12/2024;16:00;7
05/12/2024;17:00;11
05/12/2024;18:00;16
05/12/2024;19:00;13
05/12/2024;20:00;13
05/12/2024;21:00;9
05/12/2024;22:00;13
05/12/2024;23:00;1
05/12/2024;24:00;19
06/12/2024;01:00;4
06/12/2024;02:00;7
06/12/2024;03:00;9
06/12/2024;04:00;7
06/12/2024;05:00;1
06/12/2024;06:00;4
06/12/2024;07:00;7
06/12/2024;08:00;4
06/12/2024;09:00;15
06/12/2024;10:00;8
06/12/2024;11:00;9
06/12/2024;12:00;6
06/12/2024;13:00;5
06/12/2024;14:00;15
06/12/2024;15:00;12
06/12/2024;16:00;8
06/12/2024;17:00;3
06/12/2024;18:00;8
06/12/2024;19:00;11
06/12/2024;20:00;10
06/12/2024;21:00;12
06/12/2024;22:00;8
06/12/2024;23:00;12
06/12/2024;24:00;19
07/12/2024;01:00;11
07/12/2024;02:00;9
07/12/2024;03:00;15
07/12/2024;04:00;18
07/12/2024;05:00;16
07/12/2024;06:00;16
07/12/2024;07:00;11
07/12/2024;08:00;14
07/12/2024;09:00;7
07/12/2024;10:00;19
07/12/2024;11:00;18
07/12/2024;12:00;11
07/12/2024;13:00;5
07/12/2024;14:00;7
07/12/2024;15:00;13
07/12/2024;16:00;16
07/12/2024;17:00;51
07/12/2024;18:00;21
07/12/2024;19:00;9
07/12/2024;20:00;10
07/12/2024;21:00;3
07/12/2024;22:00;18
07/12/2024;23:00;14
07/12/2024;24:00;27
08/12/2024;01:00;15
08/12/2024;02:00;13
08/12/2024;03:00;7
08/12/2024;04:00;10
08/12/2024;05:00;13
08/12/2024;06:00;16
08/12/2024;07:00;9
08/12/2024;08:00;3
08/12/2024;09:00;2
08/12/2024;10:00;5
08/12/2024;11:00;5
08/12/2024;12:00;3
08/12/2024;13:00;11
08/12/2024;14:00;11
08/12/2024;15:00;13
08/12/2024;16:00;26
08/12/2024;17:00;5
08/12/2024;18:00;14
08/12/2024;19:00;16
08/12/2024;20:00;14
08/12/2024;21:00;5
08/12/2024;22:00;4
08/12/2024;23:00;8
08/12/2024;24:00;6
09/12/2024;01:00;10
09/12/2024;02:00;15
09/12/2024;03:00;1
09/12/2024;04:00;6
09/12/2024;05:00;3
09/12/2024;06:00;5
09/12/2024;07:00;7
09/12/2024;08:00;11
09/12/2024;09:00;11
09/12/2024;10:00;5
09/12/2024;11:00;9
09/12/2024;12:00;6
09/12/2024;13:00;4
09/12/2024;14:00;20
09/12/2024;15:00;7
09/12/2024;16:00;18
09/12/2024;17:00;13
09/12/2024;18:00;16
09/12/2024;19:00;3
09/12/2024;20:00;15
09/12/2024;21:00;20
09/12/2024;22:00;20
09/12/2024;23:00;13
09/12/2024;24:00;15
10/12/2024;01:00;12
10/12/2024;02:00;10
10/12/2024;03:00;8
10/12/2024;04:00;12
10/12/2024;05:00;10
10/12/2024;06:00;6
10/12/2024;07:00;11
10/12/2024;08:00;7
10/12/2024;09:00;8
10/12/2024;10:00;14
10/12/2024;11:00;16
10/12/2024;12:00;13
10/12/2024;13:00;10
10/12/2024;14:00;15
10/12/2024;15:00;7
10/12/2024;16:00;15
10/12/2024;17:00;5
10/12/2024;18:00;10
10/12/2024;19:00;9
10/12/2024;20:00;5
10/12/2024;21:00;3
10/12/2024;22:00;6
10/12/2024;23:00;2
10/12/2024;24:00;13
11/12/2024;01:00;8
11/12/2024;02:00;8
11/12/2024;03:00;3
11/12/2024;04:00;8
11/12/2024;05:00;9
11/12/2024;06:00;13
11/12/2024;07:00;13
11/12/2024;08:00;5
11/12/2024;09:00;12
11/12/2024;10:00;11
11/12/2024;11:00;7
11/12/2024;12:00;13
11/12/2024;13:00;12
11/12/2024;14:00;6
11/12/2024;15:00;1
11/12/2024;16:00;4
11/12/2024;17:00;2
11/12/2024;18:00;11
11/12/2024;19:00;9
11/12/2024;20:00;8
11/12/2024;21:00;8
11/12/2024;22:00;8
11/12/2024;23:00;6
11/12/2024;24:00;8
12/12/2024;01:00;12
12/12/2024;02:00;10
12/12/2024;03:00;11
12/12/2024;04:00;9
12/12/2024;05:00;10
12/12/2024;06:00;9
12/12/2024;07:00;6
12/12/2024;08:00;7
12/12/2024;09:00;10
12/12/2024;10:00;8
12/12/2024;11:00;6
12/12/2024;12:00;5
12/12/2024;13:00;7
12/12/2024;14:00;13
12/12/2024;15:00;8
12/12/2024;16:00;9
12/12/2024;17:00;7
12/12/2024;18:00;17
12/12/2024;19:00;6
12/12/2024;20:00;10
12/12/2024;21:00;18
12/12/2024;22:00;16
12/12/2024;23:00;11
12/12/2024;24:00;17
13/12/2024;01:00;13
13/12/2024;02:00;10
13/12/2024;03:00;12
13/12/2024;04:00;12
13/12/2024;05:00;15
13/12/2024;06:00;10
13/12/2024;07:00;3
13/12/2024;08:00;9
13/12/2024;09:00;13
13/12/2024;10:00;16
13/12/2024;11:00;21
13/12/2024;12:00;9
13/12/2024;13:00;18
13/12/2024;14:00;22
13/12/2024;15:00;20
13/12/2024;16:00;
13/12/2024;17:00;
13/12/2024;18:00;32
13/12/2024;19:00;21
13/12/2024;20:00;20
13/12/2024;21:00;13
13/12/2024;22:00;19
13/12/2024;23:00;16
13/12/2024;24:00;20
14/12/2024;01:00;22
14/12/2024;02:00;4
14/12/2024;03:00;0
14/12/2024;04:00;5
14/12/2024;05:00;3
14/12/2024;06:00;4
14/12/2024;07:00;2
14/12/2024;08:00;1
14/12/2024;09:00;4
14/12/2024;10:00;3
14/12/2024;11:00;1
14/12/2024;12:00;12
14/12/2024;13:00;6
14/12/2024;14:00;11
14/12/2024;15:00;1
14/12/2024;16:00;10
14/12/2024;17:00;5
14/12/2024;18:00;6
14/12/2024;19:00;9
14/12/2024;20:00;15
14/12/2024;21:00;8
14/12/2024;22:00;4
14/12/2024;23:00;3
14/12/2024;24:00;4
15/12/2024;01:00;5
15/12/2024;02:00;6
15/12/2024;03:00;5
15/12/2024;04:00;5
15/12/2024;05:00;7
15/12/2024;06:00;5
15/12/2024;07:00;6
15/12/2024;08:00;9
15/12/2024;09:00;9
15/12/2024;10:00;10
15/12/2024;11:00;9
15/12/2024;12:00;11
15/12/2024;13:00;9
15/12/2024;14:00;6
15/12/2024;15:00;8
15/12/2024;16:00;15
15/12/2024;17:00;12
15/12/2024;18:00;2
15/12/2024;19:00;5
15/12/2024;20:00;10
15/12/2024;21:00;4
15/12/2024;22:00;10
15/12/2024;23:00;8
15/12/2024;24:00;10
16/12/2024;01:00;8
16/12/2024;02:00;10
16/12/2024;03:00;4
16/12/2024;04:00;15
16/12/2024;05:00;12
16/12/2024;06:00;16
16/12/2024;07:00;12
16/12/2024;08:00;10
16/12/2024;09:00;18
16/12/2024;10:00;16
16/12/2024;11:00;18
16/12/2024;12:00;15
16/12/2024;13:00;9
16/12/2024;14:00;5
16/12/2024;15:00;5
16/12/2024;16:00;8
16/12/2024;17:00;8
16/12/2024;18:00;4
16/12/2024;19:00;8
16/12/2024;20:00;10
16/12/2024;21:00;6
16/12/2024;22:00;12
16/12/2024;23:00;9
16/12/2024;24:00;20
17/12/2024;01:00;16
17/12/2024;02:00;17
17/12/2024;03:00;10
17/12/2024;04:00;15
17/12/2024;05:00;7
17/12/2024;06:00;10
17/12/2024;07:00;15
17/12/2024;08:00;15
17/12/2024;09:00;14
17/12/2024;10:00;6
17/12/2024;11:00;11
17/12/2024;12:00;8
17/12/2024;13:00;10
17/12/2024;14:00;11
17/12/2024;15:00;5
17/12/2024;16:00;9
17/12/2024;17:00;8
17/12/2024;18:00;10
17/12/2024;19:00;11
17/12/2024;20:00;20
17/12/2024;21:00;15
17/12/2024;22:00;14
17/12/2024;23:00;18
17/12/2024;24:00;11
18/12/2024;01:00;17
18/12/2024;02:00;13
18/12/2024;03:00;13
18/12/2024;04:00;13
18/12/2024;05:00;9
18/12/2024;06:00;8
18/12/2024;07:00;10
18/12/2024;08:00;17
18/12/2024;09:00;20
18/12/2024;10:00;19
18/12/2024;11:00;20
18/12/2024;12:00;20
18/12/2024;13:00;19
18/12/2024;14:00;11
18/12/2024;15:00;17
18/12/2024;16:00;22
18/12/2024;17:00;25
18/12/2024;18:00;20
18/12/2024;19:00;25
18/12/2024;20:00;17
18/12/2024;21:00;19
18/12/2024;22:00;21
18/12/2024;23:00;21
18/12/2024;24:00;14
19/12/2024;01:00;10
19/12/2024;02:00;13
19/12/2024;03:00;4
19/12/2024;04:00;16
19/12/2024;05:00;12
19/12/2024;06:00;16
19/12/2024;07:00;18
19/12/2024;08:00;15
19/12/2024;09:00;11
19/12/2024;10:00;26
19/12/2024;11:00;30
19/12/2024;12:00;25
19/12/2024;13:00;27
19/12/2024;14:00;29
19/12/2024;15:00;29
19/12/2024;16:00;72
19/12/2024;17:00;65
19/12/2024;18:00;4
19/12/2024;19:00;12
19/12/2024;20:00;7
19/12/2024;21:00;11
19/12/2024;22:00;4
19/12/2024;23:00;8
19/12/2024;24:00;8
20/12/2024;01:00;14
20/12/2024;02:00;1
20/12/2024;03:00;9
20/12/2024;04:00;5
20/12/2024;05:00;7
20/12/2024;06:00;9
20/12/2024;07:00;7
20/12/2024;08:00;11
20/12/2024;09:00;16
20/12/2024;10:00;12
20/12/2024;11:00;17
20/12/2024;12:00;13
20/12/2024;13:00;7
20/12/2024;14:00;11
20/12/2024;15:00;18
20/12/2024;16:00;9
20/12/2024;17:00;4
20/12/2024;18:00;9
20/12/2024;19:00;13
20/12/2024;20:00;5
20/12/2024;21:00;4
20/12/2024;22:00;8
20/12/2024;23:00;1
20/12/2024;24:00;5
21/12/2024;01:00;7
21/12/2024;02:00;3
21/12/2024;03:00;9
21/12/2024;04:00;8
21/12/2024;05:00;13
21/12/2024;06:00;11
21/12/2024;07:00;9
21/12/2024;08:00;6
21/12/2024;09:00;21
21/12/2024;10:00;15
21/12/2024;11:00;11
21/12/2024;12:00;6
21/12/2024;13:00;6
21/12/2024;14:00;17
21/12/2024;15:00;3
21/12/2024;16:00;9
21/12/2024;17:00;4
21/12/2024;18:00;17
21/12/2024;19:00;0
21/12/2024;20:00;10
21/12/2024;21:00;1
21/12/2024;22:00;9
21/12/2024;23:00;13
21/12/2024;24:00;11
22/12/2024;01:00;12
22/12/2024;02:00;5
22/12/2024;03:00;11
22/12/2024;04:00;7
22/12/2024;05:00;13
22/12/2024;06:00;14
22/12/2024;07:00;10
22/12/2024;08:00;1
22/12/2024;09:00;5
22/12/2024;10:00;6
22/12/2024;11:00;2
22/12/2024;12:00;9
22/12/2024;13:00;8
22/12/2024;14:00;6
22/12/2024;15:00;7
22/12/2024;16:00;2
22/12/2024;17:00;5
22/12/2024;18:00;12
22/12/2024;19:00;12
22/12/2024;20:00;7
22/12/2024;21:00;10
22/12/2024;22:00;8
22/12/2024;23:00;13
22/12/2024;24:00;7
23/12/2024;01:00;8
23/12/2024;02:00;15
23/12/2024;03:00;7
23/12/2024;04:00;1
23/12/2024;05:00;3
23/12/2024;06:00;2
23/12/2024;07:00;4
23/12/2024;08:00;6
23/12/2024;09:00;13
23/12/2024;10:00;14
23/12/2024;11:00;8
23/12/2024;12:00;5
23/12/2024;13:00;19
23/12/2024;14:00;11
23/12/2024;15:00;8
23/12/2024;16:00;11
23/12/2024;17:00;5
23/12/2024;18:00;12
23/12/2024;19:00;8
23/12/2024;20:00;16
23/12/2024;21:00;7
23/12/2024;22:00;17
23/12/2024;23:00;5
23/12/2024;24:00;10
24/12/2024;01:00;9
24/12/2024;02:00;2
24/12/2024;03:00;4
24/12/2024;04:00;4
24/12/2024;05:00;1
24/12/2024;06:00;2
24/12/2024;07:00;5
24/12/2024;08:00;3
24/12/2024;09:00;5
24/12/2024;10:00;11
24/12/2024;11:00;4
24/12/2024;12:00;15
24/12/2024;13:00;9
24/12/2024;14:00;12
24/12/2024;15:00;24
24/12/2024;16:00;13
24/12/2024;17:00;9
24/12/2024;18:00;9
24/12/2024;19:00;11
24/12/2024;20:00;5
24/12/2024;21:00;2
24/12/2024;22:00;7
24/12/2024;23:00;8
24/12/2024;24:00;25
25/12/2024;01:00;6
25/12/2024;02:00;13
25/12/2024;03:00;7
25/12/2024;04:00;5
25/12/2024;05:00;15
25/12/2024;06:00;12
25/12/2024;07:00;11
25/12/2024;08:00;11
25/12/2024;09:00;8
25/12/2024;10:00;12
25/12/2024;11:00;9
25/12/2024;12:00;14
25/12/2024;13:00;17
25/12/2024;14:00;20
25/12/2024;15:00;13
25/12/2024;16:00;8
25/12/2024;17:00;6
25/12/2024;18:00;11
25/12/2024;19:00;10
25/12/2024;20:00;9
25/12/2024;21:00;5
25/12/2024;22:00;4
25/12/2024;23:00;8
25/12/2024;24:00;1
26/12/2024;01:00;7
26/12/2024;02:00;10
26/12/2024;03:00;12
26/12/2024;04:00;3
26/12/2024;05:00;9
26/12/2024;06:00;6
26/12/2024;07:00;6
26/12/2024;08:00;5
26/12/2024;09:00;17
26/12/2024;10:00;2
26/12/2024;11:00;7
26/12/2024;12:00;2
26/12/2024;13:00;2
26/12/2024;14:00;4
26/12/2024;15:00;3
26/12/2024;16:00;1
26/12/2024;17:00;10
26/12/2024;18:00;13
26/12/2024;19:00;1
26/12/2024;20:00;14
26/12/2024;21:00;12
26/12/2024;22:00;18
26/12/2024;23:00;16
26/12/2024;24:00;27
27/12/2024;01:00;14
27/12/2024;02:00;11
27/12/2024;03:00;11
27/12/2024;04:00;12
27/12/2024;05:00;24
27/12/2024;06:00;5
27/12/2024;07:00;0
27/12/2024;08:00;12
27/12/2024;09:00;10
27/12/2024;10:00;8
27/12/2024;11:00;21
27/12/2024;12:00;8
27/12/2024;13:00;6
27/12/2024;14:00;10
27/12/2024;15:00;4
27/12/2024;16:00;10
27/12/2024;17:00;13
27/12/2024;18:00;19
27/12/2024;19:00;12
27/12/2024;20:00;11
27/12/2024;21:00;11
27/12/2024;22:00;15
27/12/2024;23:00;14
27/12/2024;24:00;21
28/12/2024;01:00;8
28/12/2024;02:00;13
28/12/2024;03:00;10
28/12/2024;04:00;6
28/12/2024;05:00;10
28/12/2024;06:00;11
28/12/2024;07:00;8
28/12/2024;08:00;6
28/12/2024;09:00;19
28/12/2024;10:00;9
28/12/2024;11:00;7
28/12/2024;12:00;12
28/12/2024;13:00;18
28/12/2024;14:00;14
28/12/2024;15:00;8
28/12/2024;16:00;13
28/12/2024;17:00;7
28/12/2024;18:00;10
28/12/2024;19:00;12
28/12/2024;20:00;18
28/12/2024;21:00;14
28/12/2024;22:00;8
28/12/2024;23:00;12
28/12/2024;24:00;18
29/12/2024;01:00;25
29/12/2024;02:00;23
29/12/2024;03:00;11
29/12/2024;04:00;11
29/12/2024;05:00;14
29/12/2024;06:00;15
29/12/2024;07:00;7
29/12/2024;08:00;7
29/12/2024;09:00;20
29/12/2024;10:00;18
29/12/2024;11:00;16
29/12/2024;12:00;12
29/12/2024;13:00;11
29/12/2024;14:00;7
29/12/2024;15:00;11
29/12/2024;16:00;17
29/12/2024;17:00;5
29/12/2024;18:00;5
29/12/2024;19:00;9
29/12/2024;20:00;8
29/12/2024;21:00;6
29/12/2024;22:00;14
29/12/2024;23:00;9
29/12/2024;24:00;8
30/12/2024;01:00;9
30/12/2024;02:00;17
30/12/2024;03:00;4
30/12/2024;04:00;9
30/12/2024;05:00;9
30/12/2024;06:00;10
30/12/2024;07:00;5
30/12/2024;08:00;9
30/12/2024;09:00;13
30/12/2024;10:00;14
30/12/2024;11:00;10
30/12/2024;12:00;16
30/12/2024;13:00;7
30/12/2024;14:00;5
30/12/2024;15:00;7
30/12/2024;16:00;8
30/12/2024;17:00;8
30/12/2024;18:00;10
30/12/2024;19:00;4
30/12/2024;20:00;17
30/12/2024;21:00;7
30/12/2024;22:00;13
30/12/2024;23:00;5
30/12/2024;24:00;18
31/12/2024;01:00;24
31/12/2024;02:00;15
31/12/2024;03:00;12
31/12/2024;04:00;7
31/12/2024;05:00;9
31/12/2024;06:00;9
31/12/2024;07:00;12
31/12/2024;08:00;9
31/12/2024;09:00;11
31/12/2024;10:00;9
31/12/2024;11:00;6
31/12/2024;12:00;7
31/12/2024;13:00;2
31/12/2024;14:00;6
31/12/2024;15:00;8
31/12/2024;16:00;6
31/12/2024;17:00;2
31/12/2024;18:00;10
31/12/2024;19:00;10
31/12/2024;20:00;18
31/12/2024;21:00;9
31/12/2024;22:00;9
31/12/2024;23:00;16
31/12/2024;24:00;22
